tweetid,userid,user_display_name,user_screen_name,user_reported_location,user_profile_description,user_profile_url,follower_count,following_count,account_creation_date,account_language,tweet_language,tweet_text,tweet_time,tweet_client_name,in_reply_to_userid,in_reply_to_tweetid,quoted_tweet_tweetid,is_retweet,retweet_userid,retweet_tweetid,latitude,longitude,quote_count,reply_count,like_count,retweet_count,hashtags,urls,user_mentions
3.65082069254156E+017,FDAiQiDNukYhjuXtuoj8oXCk9DaeuDk6dWKCID+Kscc=,FDAiQiDNukYhjuXtuoj8oXCk9DaeuDk6dWKCID+Kscc=,FDAiQiDNukYhjuXtuoj8oXCk9DaeuDk6dWKCID+Kscc=,,,,51,398,2013-07-01,en,en,"RT @rangamberi: Hon. Chinos at ZPF HQ earlier today, celebrating the four-thirds majority &gt;&gt;&gt; pic via @CdeMarcKatsaura http://t.co/KBF6omso‚Ä¶",2013-08-07 12:08,web,,,,True,,365080905401913,absent,absent,0,0,0,0,,,"['65453567', '1541028344']"
3.76047909948883E+017,FDAiQiDNukYhjuXtuoj8oXCk9DaeuDk6dWKCID+Kscc=,FDAiQiDNukYhjuXtuoj8oXCk9DaeuDk6dWKCID+Kscc=,FDAiQiDNukYhjuXtuoj8oXCk9DaeuDk6dWKCID+Kscc=,,,,51,398,2013-07-01,en,en,RT @UNPeacekeeping: AU-#UN Mission in #Darfur recovers body of one of four missing peacekeepers swept away by floods http://t.co/OdB4aNllE6‚Ä¶,2013-09-06 18:23,Mobile Web (M2),,,,True,,376029614071874,absent,absent,0,0,0,0,"['UN', 'Darfur']",['http://ow.ly/oDnGq'],"['46003622']"
3.5178748171008E+017,FDAiQiDNukYhjuXtuoj8oXCk9DaeuDk6dWKCID+Kscc=,FDAiQiDNukYhjuXtuoj8oXCk9DaeuDk6dWKCID+Kscc=,FDAiQiDNukYhjuXtuoj8oXCk9DaeuDk6dWKCID+Kscc=,,,,51,398,2013-07-01,en,en,friends and family,2013-07-01 19:40,Mobile Web (M2),,,,False,,,absent,absent,0,0,0,0,[],[],[]
3.67163408715485E+017,FDAiQiDNukYhjuXtuoj8oXCk9DaeuDk6dWKCID+Kscc=,FDAiQiDNukYhjuXtuoj8oXCk9DaeuDk6dWKCID+Kscc=,FDAiQiDNukYhjuXtuoj8oXCk9DaeuDk6dWKCID+Kscc=,,,,51,398,2013-07-01,en,en,"pliz, lord have mercy on ZIFA.",2013-08-13 05:59,web,,,,False,,,absent,absent,0,0,1,0,,,[]
3.69350035411988E+017,FDAiQiDNukYhjuXtuoj8oXCk9DaeuDk6dWKCID+Kscc=,FDAiQiDNukYhjuXtuoj8oXCk9DaeuDk6dWKCID+Kscc=,FDAiQiDNukYhjuXtuoj8oXCk9DaeuDk6dWKCID+Kscc=,,,,51,398,2013-07-01,en,en,"ZIM 0, ZAM 0. Are we going to make it in Zambia. Lets just hope and pray",2013-08-19 06:48,web,,,,False,,,absent,absent,0,0,0,0,,,[]
3.53418303718441E+017,FDAiQiDNukYhjuXtuoj8oXCk9DaeuDk6dWKCID+Kscc=,FDAiQiDNukYhjuXtuoj8oXCk9DaeuDk6dWKCID+Kscc=,FDAiQiDNukYhjuXtuoj8oXCk9DaeuDk6dWKCID+Kscc=,,,,51,398,2013-07-01,en,en,Zifa hunting for a local coach http://t.co/vuht43MJKM via @sharethis,2013-07-06 07:41,tweetbutton,,,,False,,,absent,absent,0,0,0,0,[],['http://shar.es/A6OUP'],"['14116807']"
3.60121265152991E+017,FDAiQiDNukYhjuXtuoj8oXCk9DaeuDk6dWKCID+Kscc=,FDAiQiDNukYhjuXtuoj8oXCk9DaeuDk6dWKCID+Kscc=,FDAiQiDNukYhjuXtuoj8oXCk9DaeuDk6dWKCID+Kscc=,,,,51,398,2013-07-01,en,tl,"RIP - SISTER CHIWONISO, GONE TOO  SOON.",2013-07-24 19:36,Mobile Web (M2),,,,False,,,absent,absent,0,0,0,0,,,[]
3.98087868326748E+017,FDAiQiDNukYhjuXtuoj8oXCk9DaeuDk6dWKCID+Kscc=,FDAiQiDNukYhjuXtuoj8oXCk9DaeuDk6dWKCID+Kscc=,FDAiQiDNukYhjuXtuoj8oXCk9DaeuDk6dWKCID+Kscc=,,,,51,398,2013-07-01,en,en,"I think sex workers toil more than anyone to get their reward...sleeping with a stranger, risks in the profession...this is not easy money",2013-11-06 14:01,web,,,,False,,,absent,absent,0,1,0,0,,,[]
3.59397335089955E+017,FDAiQiDNukYhjuXtuoj8oXCk9DaeuDk6dWKCID+Kscc=,FDAiQiDNukYhjuXtuoj8oXCk9DaeuDk6dWKCID+Kscc=,FDAiQiDNukYhjuXtuoj8oXCk9DaeuDk6dWKCID+Kscc=,,,,51,398,2013-07-01,en,en,inga ma1......vana varikungozvarwa everyday.......whats all this noise about,2013-07-22 19:39,Mobile Web (M2),,,,False,,,absent,absent,0,0,0,0,[],[],[]
3.61107633551315E+017,FDAiQiDNukYhjuXtuoj8oXCk9DaeuDk6dWKCID+Kscc=,FDAiQiDNukYhjuXtuoj8oXCk9DaeuDk6dWKCID+Kscc=,FDAiQiDNukYhjuXtuoj8oXCk9DaeuDk6dWKCID+Kscc=,,,,51,398,2013-07-01,en,en,"I am confused when people discourage others from talking about HIV, its an important subject",2013-07-27 12:55,Mobile Web (M2),,,,False,,,absent,absent,0,0,0,0,,,[]
3.81856282204197E+017,FDAiQiDNukYhjuXtuoj8oXCk9DaeuDk6dWKCID+Kscc=,FDAiQiDNukYhjuXtuoj8oXCk9DaeuDk6dWKCID+Kscc=,FDAiQiDNukYhjuXtuoj8oXCk9DaeuDk6dWKCID+Kscc=,,,,51,398,2013-07-01,en,en,@queen_uk @davidcoltart GREECE,2013-09-22 19:03,Mobile Web (M2),140118545,3.81853134575792E+017,,False,,,absent,absent,0,0,0,0,,,"['140118545', '18060854']"
3.71307569778012E+017,FDAiQiDNukYhjuXtuoj8oXCk9DaeuDk6dWKCID+Kscc=,FDAiQiDNukYhjuXtuoj8oXCk9DaeuDk6dWKCID+Kscc=,FDAiQiDNukYhjuXtuoj8oXCk9DaeuDk6dWKCID+Kscc=,,,,51,398,2013-07-01,en,en,"Am happy, warriors did us proud. thank you",2013-08-24 16:26,Mobile Web (M2),,,,False,,,absent,absent,0,0,0,0,,,[]
3.63999998926529E+017,FDAiQiDNukYhjuXtuoj8oXCk9DaeuDk6dWKCID+Kscc=,FDAiQiDNukYhjuXtuoj8oXCk9DaeuDk6dWKCID+Kscc=,FDAiQiDNukYhjuXtuoj8oXCk9DaeuDk6dWKCID+Kscc=,,,,51,398,2013-07-01,en,en,GO WARRIORS GO... PLIZ MAKE US PROUD,2013-08-04 12:28,web,,,,False,,,absent,absent,0,0,2,0,,,[]
3.58662834869125E+017,FDAiQiDNukYhjuXtuoj8oXCk9DaeuDk6dWKCID+Kscc=,FDAiQiDNukYhjuXtuoj8oXCk9DaeuDk6dWKCID+Kscc=,FDAiQiDNukYhjuXtuoj8oXCk9DaeuDk6dWKCID+Kscc=,,,,51,398,2013-07-01,en,en,warriors............. warrios,2013-07-20 19:00,Mobile Web (M2),,,,False,,,absent,absent,0,0,0,0,[],[],[]
3.76737389424554E+017,FDAiQiDNukYhjuXtuoj8oXCk9DaeuDk6dWKCID+Kscc=,FDAiQiDNukYhjuXtuoj8oXCk9DaeuDk6dWKCID+Kscc=,FDAiQiDNukYhjuXtuoj8oXCk9DaeuDk6dWKCID+Kscc=,,,,51,398,2013-07-01,en,en,zim warriors..... the fact that we did not qualify means we were not good enough. lets regroup and restrategise,2013-09-08 16:02,Mobile Web (M2),,,,False,,,absent,absent,0,0,0,0,,,[]
3.67158974702825E+017,FDAiQiDNukYhjuXtuoj8oXCk9DaeuDk6dWKCID+Kscc=,FDAiQiDNukYhjuXtuoj8oXCk9DaeuDk6dWKCID+Kscc=,FDAiQiDNukYhjuXtuoj8oXCk9DaeuDk6dWKCID+Kscc=,,,,51,398,2013-07-01,en,is,Zifa engage Caf http://t.co/mbYvRfbZwt,2013-08-13 05:41,tweetbutton,,,,False,,,absent,absent,0,0,0,0,,['http://www.newsday.co.zw/2013/08/13/zifa-engage-caf/'],[]
3.53425694577009E+017,FDAiQiDNukYhjuXtuoj8oXCk9DaeuDk6dWKCID+Kscc=,FDAiQiDNukYhjuXtuoj8oXCk9DaeuDk6dWKCID+Kscc=,FDAiQiDNukYhjuXtuoj8oXCk9DaeuDk6dWKCID+Kscc=,,,,51,398,2013-07-01,en,en,zifa Zifa.............after all this damage...hope there is redemption,2013-07-06 08:10,Mobile Web (M2),,,,False,,,absent,absent,0,0,0,1,[],[],[]
3.56139703889695E+017,FDAiQiDNukYhjuXtuoj8oXCk9DaeuDk6dWKCID+Kscc=,FDAiQiDNukYhjuXtuoj8oXCk9DaeuDk6dWKCID+Kscc=,FDAiQiDNukYhjuXtuoj8oXCk9DaeuDk6dWKCID+Kscc=,,,,51,398,2013-07-01,en,en,"GO WARRIORS GO, THANK YOU.",2013-07-13 19:54,Mobile Web (M2),,,,False,,,absent,absent,0,0,0,0,,,[]
"460732821213298688","FDAiQiDNukYhjuXtuoj8oXCk9DaeuDk6dWKCID+Kscc=","FDAiQiDNukYhjuXtuoj8oXCk9DaeuDk6dWKCID+Kscc=","FDAiQiDNukYhjuXtuoj8oXCk9DaeuDk6dWKCID+Kscc=","","","","51","398","2013-07-01","en","en","RT @econetzimbabwe: #MondayInspiration ""Opportunity is missed by most people because it is dressed in overalls and looks like hard work"" ht‚Ä¶","2014-04-28 10:50","Twitter Web Client","","","","True","","4.60719053544235e+17","absent","absent","0","0","0","0","['MondayInspiration']","","['492852412']"
"426276964367089664","FDAiQiDNukYhjuXtuoj8oXCk9DaeuDk6dWKCID+Kscc=","FDAiQiDNukYhjuXtuoj8oXCk9DaeuDk6dWKCID+Kscc=","FDAiQiDNukYhjuXtuoj8oXCk9DaeuDk6dWKCID+Kscc=","","","","51","398","2013-07-01","en","en","RT @tarimaviyo: RT @CarlJoshuaNcube:When Zimbabwe dolarised Cuthbert Dube kept the ZEROS on his salary","2014-01-23 08:55","Twitter Web Client","","","","True","","4.262692786653307e+17","absent","absent","0","0","0","0","","","['53008279', '95680635']"
"420893654124097536","FDAiQiDNukYhjuXtuoj8oXCk9DaeuDk6dWKCID+Kscc=","FDAiQiDNukYhjuXtuoj8oXCk9DaeuDk6dWKCID+Kscc=","FDAiQiDNukYhjuXtuoj8oXCk9DaeuDk6dWKCID+Kscc=","","","","51","398","2013-07-01","en","en","RT @SoutherneyeZim: AAG lobbies govt for tax exemption - #SouthernEyeBusiness  http://t.co/YMsY1LIdpV","2014-01-08 12:24","Twitter Web Client","","","","True","","4.208931909257216e+17","absent","absent","0","0","0","0","['SouthernEyeBusiness']","['http://www.southerneye.co.zw/2014/01/08/aag-lobbies-govt-tax-exemption/']","['1466628318']"
"426264066446069760","FDAiQiDNukYhjuXtuoj8oXCk9DaeuDk6dWKCID+Kscc=","FDAiQiDNukYhjuXtuoj8oXCk9DaeuDk6dWKCID+Kscc=","FDAiQiDNukYhjuXtuoj8oXCk9DaeuDk6dWKCID+Kscc=","","","","51","398","2013-07-01","en","en","RT @SirNige: This is ABSOLUTELY ridiculous.Sadly nothing will happen to em RT @RussyAmplifaya: @263Chat #Twimbos http://t.co/FzWNtTbH8t #26‚Ä¶","2014-01-23 08:04","Twitter Web Client","","","","True","","4.262597519039775e+17","absent","absent","0","0","0","0","['Twimbos', '263Chat', 'twimbos']","","['37722041', '369435443', '892792496']"
"425507681940824064","FDAiQiDNukYhjuXtuoj8oXCk9DaeuDk6dWKCID+Kscc=","FDAiQiDNukYhjuXtuoj8oXCk9DaeuDk6dWKCID+Kscc=","FDAiQiDNukYhjuXtuoj8oXCk9DaeuDk6dWKCID+Kscc=","","","","51","398","2013-07-01","en","sl","RT @BBCNews: Obituary: BBC presenter #KomlaDumor http://t.co/mYCw3pTF1y http://t.co/kt7MyWui1C","2014-01-21 05:58","Twitter Web Client","","","","True","","4.255050275168133e+17","absent","absent","0","0","0","0","['KomlaDumor']","['http://bbc.in/19JshTt']","['612473']"
"479739272376119298","FDAiQiDNukYhjuXtuoj8oXCk9DaeuDk6dWKCID+Kscc=","FDAiQiDNukYhjuXtuoj8oXCk9DaeuDk6dWKCID+Kscc=","FDAiQiDNukYhjuXtuoj8oXCk9DaeuDk6dWKCID+Kscc=","","","","51","398","2013-07-01","en","en","RT @lamanixolani: @ntlokom England http://t.co/HTUL8477qm","2014-06-19 21:35","Twitter Web Client","","","","True","","4.797271573554913e+17","absent","absent","0","0","0","0","[]","[]","['2462888212', '408577970']"
"478281265062612993","FDAiQiDNukYhjuXtuoj8oXCk9DaeuDk6dWKCID+Kscc=","FDAiQiDNukYhjuXtuoj8oXCk9DaeuDk6dWKCID+Kscc=","FDAiQiDNukYhjuXtuoj8oXCk9DaeuDk6dWKCID+Kscc=","","","","51","398","2013-07-01","en","en","RT @InfostradaLive: Good news for Honduras! The last 2 teams that France scored 3 goals against in a WC match, won the following WC: BRA 20‚Ä¶","2014-06-15 21:01","Mobile Web (M2)","","","","True","","4.782764306532925e+17","absent","absent","0","0","0","0","[]","[]","['745119640318205954']"
"427780890316775424","FDAiQiDNukYhjuXtuoj8oXCk9DaeuDk6dWKCID+Kscc=","FDAiQiDNukYhjuXtuoj8oXCk9DaeuDk6dWKCID+Kscc=","FDAiQiDNukYhjuXtuoj8oXCk9DaeuDk6dWKCID+Kscc=","","","","51","398","2013-07-01","en","en","RT @sphaberry: @DavidColtart  @CynicHarare Look at this ZRP officer. What's that hidden under your belt buckle, Officer? ---&gt; http://t.co/X‚Ä¶","2014-01-27 12:31","Twitter Web Client","","","","True","","4.277601544453612e+17","absent","absent","0","0","0","0","","","['188189738', '18060854', '424114751']"
"459786917316689921","FDAiQiDNukYhjuXtuoj8oXCk9DaeuDk6dWKCID+Kscc=","FDAiQiDNukYhjuXtuoj8oXCk9DaeuDk6dWKCID+Kscc=","FDAiQiDNukYhjuXtuoj8oXCk9DaeuDk6dWKCID+Kscc=","","","","51","398","2013-07-01","en","en","RT @allafrica: Breakthrough @Yale sequencing #tsetse genetic code could reduce/end #African sleeping sickness http://t.co/dFGEV1TIFv http:/‚Ä¶","2014-04-25 20:11","Twitter Web Client","","","","True","","4.5978552159031706e+17","absent","absent","0","0","0","0","['tsetse', 'African']","['http://allafrica.com/c/-5ABL1']","['16683014', '5695032']"
"444053051050328064","FDAiQiDNukYhjuXtuoj8oXCk9DaeuDk6dWKCID+Kscc=","FDAiQiDNukYhjuXtuoj8oXCk9DaeuDk6dWKCID+Kscc=","FDAiQiDNukYhjuXtuoj8oXCk9DaeuDk6dWKCID+Kscc=","","","","51","398","2013-07-01","en","en","RT @Wambete: #Science4Dev High mobility of Researchers should be encouraged to avoid inbreeding of Science Technology and Innovations","2014-03-13 10:11","Twitter Web Client","","","","True","","4.440485641390776e+17","absent","absent","0","0","0","0","['Science4Dev']","","['45827432']"
"419454007736692736","FDAiQiDNukYhjuXtuoj8oXCk9DaeuDk6dWKCID+Kscc=","FDAiQiDNukYhjuXtuoj8oXCk9DaeuDk6dWKCID+Kscc=","FDAiQiDNukYhjuXtuoj8oXCk9DaeuDk6dWKCID+Kscc=","","","","51","398","2013-07-01","en","id","@RangaMberi  kkkkkk macarrots ayo akaiswa pane ivhu rinemupfudze....ukaarima papurazi unoshaya macustomer","2014-01-04 13:03","web","65453567.0","4.194088352004301e+17","","False","","","absent","absent","0","1","0","0","","","['65453567']"
"418657944268324864","FDAiQiDNukYhjuXtuoj8oXCk9DaeuDk6dWKCID+Kscc=","FDAiQiDNukYhjuXtuoj8oXCk9DaeuDk6dWKCID+Kscc=","FDAiQiDNukYhjuXtuoj8oXCk9DaeuDk6dWKCID+Kscc=","","","","51","398","2013-07-01","en","sl","@radiodialoguefm  so one kg of manje cost 1000 USD.","2014-01-02 08:20","web","42223676.0","4.1865125402627686e+17","","False","","","absent","absent","0","0","0","0","","","['42223676']"
"426264442527940610","FDAiQiDNukYhjuXtuoj8oXCk9DaeuDk6dWKCID+Kscc=","FDAiQiDNukYhjuXtuoj8oXCk9DaeuDk6dWKCID+Kscc=","FDAiQiDNukYhjuXtuoj8oXCk9DaeuDk6dWKCID+Kscc=","","","","51","398","2013-07-01","en","en","Who is supposed to police these parastatals. Have a feeling they failing","2014-01-23 08:05","web","","","","False","","","absent","absent","0","0","0","0","","","[]"
"483314738886369280","FDAiQiDNukYhjuXtuoj8oXCk9DaeuDk6dWKCID+Kscc=","FDAiQiDNukYhjuXtuoj8oXCk9DaeuDk6dWKCID+Kscc=","FDAiQiDNukYhjuXtuoj8oXCk9DaeuDk6dWKCID+Kscc=","","","","51","398","2013-07-01","en","en","biting vs diving....what is better? cheating all the same.","2014-06-29 18:23","Mobile Web (M2)","","","","False","","","absent","absent","0","0","0","0","","","[]"
"425353886267109376","FDAiQiDNukYhjuXtuoj8oXCk9DaeuDk6dWKCID+Kscc=","FDAiQiDNukYhjuXtuoj8oXCk9DaeuDk6dWKCID+Kscc=","FDAiQiDNukYhjuXtuoj8oXCk9DaeuDk6dWKCID+Kscc=","","","","51","398","2013-07-01","en","en","Zimbabwe warriors, i like it. 100% goal defence.","2014-01-20 19:47","Mobile Web (M2)","","","","False","","","absent","absent","0","0","0","0","","","[]"
"483311695092531201","FDAiQiDNukYhjuXtuoj8oXCk9DaeuDk6dWKCID+Kscc=","FDAiQiDNukYhjuXtuoj8oXCk9DaeuDk6dWKCID+Kscc=","FDAiQiDNukYhjuXtuoj8oXCk9DaeuDk6dWKCID+Kscc=","","","","51","398","2013-07-01","en","en","exprience is knowing what to do at the right time......DIVING PAID@nqabamatshazi","2014-06-29 18:11","Mobile Web (M2)","","","","False","","","absent","absent","0","0","0","0","","","[]"
"460121421700947968","FDAiQiDNukYhjuXtuoj8oXCk9DaeuDk6dWKCID+Kscc=","FDAiQiDNukYhjuXtuoj8oXCk9DaeuDk6dWKCID+Kscc=","FDAiQiDNukYhjuXtuoj8oXCk9DaeuDk6dWKCID+Kscc=","","","","51","398","2013-07-01","en","en","these players might have been sabotaging Moyes.........singing","2014-04-26 18:21","Twitter Web Client","","","","False","","","absent","absent","0","0","0","0","[]","[]","[]"
"463337517140684801","FDAiQiDNukYhjuXtuoj8oXCk9DaeuDk6dWKCID+Kscc=","FDAiQiDNukYhjuXtuoj8oXCk9DaeuDk6dWKCID+Kscc=","FDAiQiDNukYhjuXtuoj8oXCk9DaeuDk6dWKCID+Kscc=","","","","51","398","2013-07-01","en","en","RT @davos: Turning Africa‚Äôs green shoots into steady growth @growafricaforum #wefafrica #wef http://t.co/tZYNQjte0A http://t.co/eS1v1BxqOU","2014-05-05 15:20","Twitter Web Client","","","","True","","4.633323549129687e+17","absent","absent","0","0","0","0","['wefafrica', 'wef']","['http://wef.ch/1kEmejC']","['5120691', '561126205']"
"581398946687393792","FDAiQiDNukYhjuXtuoj8oXCk9DaeuDk6dWKCID+Kscc=","FDAiQiDNukYhjuXtuoj8oXCk9DaeuDk6dWKCID+Kscc=","FDAiQiDNukYhjuXtuoj8oXCk9DaeuDk6dWKCID+Kscc=","","","","51","398","2013-07-01","en","en","Priviledged to be a guest at early bird school in marondera. Makes me think of the older days.","2015-03-27 10:14","Mobile Web (M2)","","","","False","","","absent","absent","0","0","3","0","[]","[]","[]"
"934268351404281856","pfvkod3V6dXppwrPrVwjEEtT74Ny7k0VikIGbe6HdWs=","pfvkod3V6dXppwrPrVwjEEtT74Ny7k0VikIGbe6HdWs=","pfvkod3V6dXppwrPrVwjEEtT74Ny7k0VikIGbe6HdWs=","","","","20","38","2017-07-12","en","en","@imutsungi @ZBCNewsonline Taurai homeboy","2017-11-25 03:51","Twitter for Android","98336677.0","9.341434052438916e+17","","False","","","absent","absent","0","0","0","0","[]","[]","['98336677', '726133273']"
"898945680248414212","pfvkod3V6dXppwrPrVwjEEtT74Ny7k0VikIGbe6HdWs=","pfvkod3V6dXppwrPrVwjEEtT74Ny7k0VikIGbe6HdWs=","pfvkod3V6dXppwrPrVwjEEtT74Ny7k0VikIGbe6HdWs=","","","","20","38","2017-07-12","en","en","@ProfJNMoyo Like l l","2017-08-19 16:32","Twitter for Android","3026140439.0","8.989074946632458e+17","","False","","","absent","absent","0","0","0","0","[]","[]","['3026140439']"
"933932301578366979","pfvkod3V6dXppwrPrVwjEEtT74Ny7k0VikIGbe6HdWs=","pfvkod3V6dXppwrPrVwjEEtT74Ny7k0VikIGbe6HdWs=","pfvkod3V6dXppwrPrVwjEEtT74Ny7k0VikIGbe6HdWs=","","","","20","38","2017-07-12","en","fr","@Realstylz @dewamavhinga @hrw @ProfJNMoyo ,, c.f. DR","2017-11-24 05:36","Twitter for Android","472720903.0","9.337946291154002e+17","","False","","","absent","absent","0","0","0","0","[]","[]","['472720903', '33857934', '14700316', '3026140439']"
"933930385595092992","pfvkod3V6dXppwrPrVwjEEtT74Ny7k0VikIGbe6HdWs=","pfvkod3V6dXppwrPrVwjEEtT74Ny7k0VikIGbe6HdWs=","pfvkod3V6dXppwrPrVwjEEtT74Ny7k0VikIGbe6HdWs=","","","","20","38","2017-07-12","en","et","@donchauke Moda kuti kuvadza nenzara","2017-11-24 05:28","Twitter for Android","2763377849.0","9.339267417012184e+17","","False","","","absent","absent","0","1","0","0","[]","[]","['2763377849']"
"929280102982135808","pfvkod3V6dXppwrPrVwjEEtT74Ny7k0VikIGbe6HdWs=","pfvkod3V6dXppwrPrVwjEEtT74Ny7k0VikIGbe6HdWs=","pfvkod3V6dXppwrPrVwjEEtT74Ny7k0VikIGbe6HdWs=","","","","20","38","2017-07-12","en","tl","@donchauke Mafunga kumusha","2017-11-11 09:30","Twitter for Android","2763377849.0","9.292121513607823e+17","","False","","","absent","absent","0","0","0","0","[]","[]","['2763377849']"
"1042332696624750593","F05zyhmf5zjcBKHB1v3qH1MWcwhc0qj4YhEnEPEuU0=","F05zyhmf5zjcBKHB1v3qH1MWcwhc0qj4YhEnEPEuU0=","F05zyhmf5zjcBKHB1v3qH1MWcwhc0qj4YhEnEPEuU0=","","","","32","2086","2012-09-20","en","en","RT @ItsLifeFact: the saddest thing in the world is when you found the right person at the wrong time.","2018-09-19 08:40","Twitter Web App","","","","True","","1.04207100350822e+18","absent","absent","0","0","0","0","[]","[]","['396086694']"
"973941299186425858","pfvkod3V6dXppwrPrVwjEEtT74Ny7k0VikIGbe6HdWs=","pfvkod3V6dXppwrPrVwjEEtT74Ny7k0VikIGbe6HdWs=","pfvkod3V6dXppwrPrVwjEEtT74Ny7k0VikIGbe6HdWs=","","","","20","38","2017-07-12","en","und","@Reuters N+n+n+","2018-03-14 15:17","Twitter for Android","1652541.0","9.739030415639756e+17","","False","","","absent","absent","0","0","0","0","[]","[]","['1652541']"
"1027470139489509378","F05zyhmf5zjcBKHB1v3qH1MWcwhc0qj4YhEnEPEuU0=","F05zyhmf5zjcBKHB1v3qH1MWcwhc0qj4YhEnEPEuU0=","F05zyhmf5zjcBKHB1v3qH1MWcwhc0qj4YhEnEPEuU0=","","","","32","2086","2012-09-20","en","en","@TinashePhibeon1 @Blue_Footy I think he is better than his replacement cde","2018-08-09 08:22","Twitter Web App","1.019653681631957e+18","1.027236960535044e+18","","False","","","absent","absent","0","1","0","0","[]","[]","['1019653681631956992', '317750296']"
"1057194514308366336","F05zyhmf5zjcBKHB1v3qH1MWcwhc0qj4YhEnEPEuU0=","F05zyhmf5zjcBKHB1v3qH1MWcwhc0qj4YhEnEPEuU0=","F05zyhmf5zjcBKHB1v3qH1MWcwhc0qj4YhEnEPEuU0=","","","","32","2086","2012-09-20","en","und","@willoe_tee @makoni_tinaye @matizprivie @bmusonza @matigary @MthuliNcube Kkkkkkk saka uri kuda kuitirwa nani zvese izvozvo  ?Iwewe unenge uripi ,uchiitei.ayas","2018-10-30 08:56","Twitter Web App","471909279.0","1.0571233295497134e+18","","False","","","absent","absent","0","0","0","0","[]","[]","['471909279', '2909151712', '190411672', '32836225', '4926928720', '259214687']"
"1075794033308565504","F05zyhmf5zjcBKHB1v3qH1MWcwhc0qj4YhEnEPEuU0=","F05zyhmf5zjcBKHB1v3qH1MWcwhc0qj4YhEnEPEuU0=","F05zyhmf5zjcBKHB1v3qH1MWcwhc0qj4YhEnEPEuU0=","","","","32","2086","2012-09-20","en","fi","@RMajongwe @Gibbo14918178 @matigary @sekuru_gudo @GomoDubi @xandatoto @DivaMandeya @joseph_simoyi @CharityMaodza munoda kunzwa zvamunofarira kunzwa chete handiti? What happened to critical analyisis nhai vamudzidzisi- mbongororo?","2018-12-20 16:44","Twitter Web App","7.648429104288276e+17","1.0757831594957046e+18","","False","","","absent","absent","0","1","2","0","[]","[]","['764842910428827649', '827623653986689025', '4926928720', '938115077777055744', '809674977813426176', '34308853', '1062002343661785093', '790817573067689984', '761455676229054465']"
"1077856214074249216","F05zyhmf5zjcBKHB1v3qH1MWcwhc0qj4YhEnEPEuU0=","F05zyhmf5zjcBKHB1v3qH1MWcwhc0qj4YhEnEPEuU0=","F05zyhmf5zjcBKHB1v3qH1MWcwhc0qj4YhEnEPEuU0=","","","","32","2086","2012-09-20","en","en","RT @ZEZURUROCKSTAR: Violence as @winkydonline is pelted by bottles before performance in Kwekwe over the Jecha song. https://t.co/FBbWGHFskq","2018-12-26 09:18","Twitter Web App","","","","True","","1.0774080885573468e+18","absent","absent","0","0","0","0","[]","[]","['2597510456', '79480474']"
"1014513675821113344","Ct4B012M22Y6RN1iDdtpoBJNMIhLhTGXvC821LpbBU=","Ct4B012M22Y6RN1iDdtpoBJNMIhLhTGXvC821LpbBU=","Ct4B012M22Y6RN1iDdtpoBJNMIhLhTGXvC821LpbBU=","Kingdom of Saudi Arabia","I used to love my old twitter account, then everyone from work found me. This is my new account üò´\\nStay private, keep them guessing.....!!","","435","4717","2013-09-13","en","ar","@hedeel18 ÿ≠ÿßŸÅÿ∏* ÿ™ÿµÿ≠Ÿäÿ≠","2018-07-04 14:18","Twitter for iPhone","9.793871157830164e+17","1.014253009772208e+18","","False","","","absent","absent","0","0","0","0","[]","[]","['979387115783016448']"
"962366538341847040","pfvkod3V6dXppwrPrVwjEEtT74Ny7k0VikIGbe6HdWs=","pfvkod3V6dXppwrPrVwjEEtT74Ny7k0VikIGbe6HdWs=","pfvkod3V6dXppwrPrVwjEEtT74Ny7k0VikIGbe6HdWs=","","","","20","38","2017-07-12","en","pl","@donchauke Marwadziwa Sekuru","2018-02-10 16:43","Twitter for Android","2763377849.0","9.623195612017254e+17","","False","","","absent","absent","0","1","0","0","[]","[]","['2763377849']"
"1078722842173341696","F05zyhmf5zjcBKHB1v3qH1MWcwhc0qj4YhEnEPEuU0=","F05zyhmf5zjcBKHB1v3qH1MWcwhc0qj4YhEnEPEuU0=","F05zyhmf5zjcBKHB1v3qH1MWcwhc0qj4YhEnEPEuU0=","","","","32","2086","2012-09-20","en","en","@pamafrigroup was working wonderfully.During that moment ndirimo, that drama took me down memory lane,ndapotsa ndapfuura bus stop yangu","2018-12-28 18:42","Twitter Web App","9.530625038267188e+17","1.0787200424041432e+18","","False","","","absent","absent","0","0","1","0","[]","[]","['953062503826718722']"
"1078717710207463424","F05zyhmf5zjcBKHB1v3qH1MWcwhc0qj4YhEnEPEuU0=","F05zyhmf5zjcBKHB1v3qH1MWcwhc0qj4YhEnEPEuU0=","F05zyhmf5zjcBKHB1v3qH1MWcwhc0qj4YhEnEPEuU0=","","","","32","2086","2012-09-20","en","in","@pamafrigroup apa ndrikuona hangu drama raparaffin ndrimuna pogba","2018-12-28 18:21","Twitter Web App","9.530625038267188e+17","1.0786988001879286e+18","","False","","","absent","absent","1","1","1","0","[]","[]","['953062503826718722']"
"1078699803352199176","F05zyhmf5zjcBKHB1v3qH1MWcwhc0qj4YhEnEPEuU0=","F05zyhmf5zjcBKHB1v3qH1MWcwhc0qj4YhEnEPEuU0=","F05zyhmf5zjcBKHB1v3qH1MWcwhc0qj4YhEnEPEuU0=","","","","32","2086","2012-09-20","en","ca","@pamafrigroup toda mamwe ma quantum kana 10 zvobva zvangodhakwa.those ones are more comfortable","2018-12-28 17:10","Twitter Web App","9.530625038267188e+17","1.0786988001879286e+18","","False","","","absent","absent","0","0","5","2","[]","[]","['953062503826718722']"
"952604273296183297","pfvkod3V6dXppwrPrVwjEEtT74Ny7k0VikIGbe6HdWs=","pfvkod3V6dXppwrPrVwjEEtT74Ny7k0VikIGbe6HdWs=","pfvkod3V6dXppwrPrVwjEEtT74Ny7k0VikIGbe6HdWs=","","","","20","38","2017-07-12","en","tl","Kamba yasangana neanedemo https://t.co/M6ivqEDQHp","2018-01-14 18:12","Twitter for Android","","","9.52592991327277e+17","False","","","absent","absent","0","1","0","0","[]","['https://twitter.com/donchauke/status/952592991327277056']","[]"
"1050108748667252736","F05zyhmf5zjcBKHB1v3qH1MWcwhc0qj4YhEnEPEuU0=","F05zyhmf5zjcBKHB1v3qH1MWcwhc0qj4YhEnEPEuU0=","F05zyhmf5zjcBKHB1v3qH1MWcwhc0qj4YhEnEPEuU0=","","","","32","2086","2012-09-20","en","in","hamusi mava kunyanya here mai naniso","2018-10-10 19:40","Twitter Web App","","","1.0500356592794092e+18","False","","","absent","absent","0","1","0","0","[]","[]","[]"
"1198490071219032064","r69kGNjtBCQOQc8nW3IJvAk3X9bDkldxiFev+MZNH4=","r69kGNjtBCQOQc8nW3IJvAk3X9bDkldxiFev+MZNH4=","r69kGNjtBCQOQc8nW3IJvAk3X9bDkldxiFev+MZNH4=","Harare, Zimbabwe","I'm an aspiring blogger from Zimbabweüáøüáº. Uncovering the beauty and true potential of my homelandüôè",,3141,1670,"2019-06-19","en","en","@Iam_matome Oh no, didn't have a chance to be present there. That's a real pity( And you? Did you visit this event?","2019-11-24 06:34","Twitter Web App","238096063","1.198473762313818e+18",,"False",,,"absent","absent",0,1,0,0,"[]","[]","['238096063']"
"1197788485769400321","r69kGNjtBCQOQc8nW3IJvAk3X9bDkldxiFev+MZNH4=","r69kGNjtBCQOQc8nW3IJvAk3X9bDkldxiFev+MZNH4=","r69kGNjtBCQOQc8nW3IJvAk3X9bDkldxiFev+MZNH4=","Harare, Zimbabwe","I'm an aspiring blogger from Zimbabweüáøüáº. Uncovering the beauty and true potential of my homelandüôè",,3141,1670,"2019-06-19","en","en","@Kudakwa83861068 üòÖ Can it be for technical reasons? A special pump that needs special attention? I'm no pump-professional kkk","2019-11-22 08:06","Twitter Web App","1139136619934552066","1.1975364015139553e+18",,"False",,,"absent","absent",0,0,0,0,"[]","[]","['1139136619934552066']"
"1143485008168062976","L+dolgHlCcBt5BpjwcMQbn4yULFlp65BBv2+EXtWZE=","L+dolgHlCcBt5BpjwcMQbn4yULFlp65BBv2+EXtWZE=","L+dolgHlCcBt5BpjwcMQbn4yULFlp65BBv2+EXtWZE=","Khartoum","Sudanese | truth fighter | activist | #BlueForSudan Some exclusives",,1058,1544,"2019-06-17","en","en","@3ozaz He is expressing his personal view, he's no official.","2019-06-25 11:44","TweetDeck","66085544","1.142876152215851e+18",,"False",,,"absent","absent",0,0,0,0,"[]","[]","['66085544']"
"1207318798174425089","Uc1iIo5iOu1wFZlGe0GlzSIi7hyi8wPV8TCKNEQmus=","Uc1iIo5iOu1wFZlGe0GlzSIi7hyi8wPV8TCKNEQmus=","Uc1iIo5iOu1wFZlGe0GlzSIi7hyi8wPV8TCKNEQmus=","Paris","Si vous me demandez il est o√π ma maison, je vous r√©ponds Pangui (Paris+Bangui) üá®üá´ üá´üá∑ Master Politique transnationale / Paris 8",,836,1035,"2019-11-18","fr","fr","mdrrrr Si ce gars est arr√™t√©, je vais rire beaucoup ! #RCA #comedy","2019-12-18 15:16","Twitter Web App","Uc1iIo5iOu1wFZlGe0GlzSIi7hyi8wPV8TCKNEQmus=","1.207318795347513e+18",,"False",,,"absent","absent",0,0,0,0,"['RCA', 'comedy']","[]","[]"
"1206593580862787586","Uc1iIo5iOu1wFZlGe0GlzSIi7hyi8wPV8TCKNEQmus=","Uc1iIo5iOu1wFZlGe0GlzSIi7hyi8wPV8TCKNEQmus=","Uc1iIo5iOu1wFZlGe0GlzSIi7hyi8wPV8TCKNEQmus=","Paris","Si vous me demandez il est o√π ma maison, je vous r√©ponds Pangui (Paris+Bangui) üá®üá´ üá´üá∑ Master Politique transnationale / Paris 8",,836,1035,"2019-11-18","fr","fr","C'est bordel ! Il etait l'un des m√©dias les plus respect√©s dans mon pays. Je ne crois pas √† ce motif !","2019-12-16 15:15","Twitter Web App","Uc1iIo5iOu1wFZlGe0GlzSIi7hyi8wPV8TCKNEQmus=","1.2065935783755366e+18",,"False",,,"absent","absent",0,0,0,0,"[]","[]","[]"
"1166685254901534723","Ct4B012M22Y6RN1iDdtpoBJNMIhLhTGXvC821LpbBU=","Ct4B012M22Y6RN1iDdtpoBJNMIhLhTGXvC821LpbBU=","Ct4B012M22Y6RN1iDdtpoBJNMIhLhTGXvC821LpbBU=","Kingdom of Saudi Arabia","I used to love my old twitter account, then everyone from work found me. This is my new account üò´Stay private, keep them guessing.....!!",,435,4717,"2013-09-13","en","ar","@mohmed_ammar ÿßŸÜÿ™ÿµÿßÿ±ÿßÿ™ ŸàŸÑŸäÿ≥ ÿßŸÜÿ™ÿµÿ±ÿßÿ™ÿü","2019-08-28 12:13","Twitter for iPhone","1849757587","1.166671788740358e+18",,"False",,,"absent","absent",0,0,0,0,"[]","[]","['1849757587']"
"1168091218208796677","Ct4B012M22Y6RN1iDdtpoBJNMIhLhTGXvC821LpbBU=","Ct4B012M22Y6RN1iDdtpoBJNMIhLhTGXvC821LpbBU=","Ct4B012M22Y6RN1iDdtpoBJNMIhLhTGXvC821LpbBU=","Kingdom of Saudi Arabia","I used to love my old twitter account, then everyone from work found me. This is my new account üò´Stay private, keep them guessing.....!!",,435,4717,"2013-09-13","en","und","@Moran_Moh @tareqkarman1 @MohamedBinZayed üòÇüòÇüòÇ","2019-09-01 09:20","Twitter for iPhone","980750090787852289","1.1679747009468744e+18",,"False",,,"absent","absent",0,0,0,0,"[]","[]","['980750090787852289', '781358306', '471010707']"
"1201910421021696001","L+dolgHlCcBt5BpjwcMQbn4yULFlp65BBv2+EXtWZE=","L+dolgHlCcBt5BpjwcMQbn4yULFlp65BBv2+EXtWZE=","L+dolgHlCcBt5BpjwcMQbn4yULFlp65BBv2+EXtWZE=","Khartoum","Sudanese | truth fighter | activist | #BlueForSudan Some exclusives",,1058,1544,"2019-06-17","en","en","@CNNAfrica God bless their souls. The fire was so sudden.","2019-12-03 17:05","TweetDeck","56891751","1.201907979907412e+18",,"False",,,"absent","absent",0,0,0,0,"[]","[]","['56891751']"
"1146070158298845184","L+dolgHlCcBt5BpjwcMQbn4yULFlp65BBv2+EXtWZE=","L+dolgHlCcBt5BpjwcMQbn4yULFlp65BBv2+EXtWZE=","L+dolgHlCcBt5BpjwcMQbn4yULFlp65BBv2+EXtWZE=","Khartoum","Sudanese | truth fighter | activist | #BlueForSudan Some exclusives",,1058,1544,"2019-06-17","en","en","@KavenMaitimBorb Obviously the USA, as usual, wants to play the role of Grey Eminence, manipulating everyone for its own benefit.","2019-07-02 14:56","Twitter Web Client","942775244","1.1460642311852604e+18",,"False",,,"absent","absent",0,0,1,0,"[]","[]","['942775244']"
"1211958568058073088","L+dolgHlCcBt5BpjwcMQbn4yULFlp65BBv2+EXtWZE=","L+dolgHlCcBt5BpjwcMQbn4yULFlp65BBv2+EXtWZE=","L+dolgHlCcBt5BpjwcMQbn4yULFlp65BBv2+EXtWZE=","Khartoum","Sudanese | truth fighter | activist | #BlueForSudan Some exclusives",,1058,1544,"2019-06-17","en","en","@CNNAfrica This is noble. No one should forget where he comes from!","2019-12-31 10:33","Twitter Web App","56891751","1.2112484307958907e+18",,"False",,,"absent","absent",0,0,0,0,"[]","[]","['56891751']"
"1172259556359122944","Ct4B012M22Y6RN1iDdtpoBJNMIhLhTGXvC821LpbBU=","Ct4B012M22Y6RN1iDdtpoBJNMIhLhTGXvC821LpbBU=","Ct4B012M22Y6RN1iDdtpoBJNMIhLhTGXvC821LpbBU=","Kingdom of Saudi Arabia","I used to love my old twitter account, then everyone from work found me. This is my new account üò´Stay private, keep them guessing.....!!",,435,4717,"2013-09-13","en","ar","@Moran_Moh ÿπŸÑŸâ ÿµŸÅÿ≠ÿ™ŸÉ ŸÜÿ≥ŸÖÿπ ÿßÿÆÿ®ÿßÿ± ÿ™ÿ¥ŸÅŸä ÿßŸÑÿµÿØŸàÿ±ÿõ Ÿäÿßÿ±ÿ®","2019-09-12 21:23","Twitter for iPhone","980750090787852289","1.172259262464168e+18",,"False",,,"absent","absent",0,0,0,0,"[]","[]","['980750090787852289']"
"1145736326001627138","L+dolgHlCcBt5BpjwcMQbn4yULFlp65BBv2+EXtWZE=","L+dolgHlCcBt5BpjwcMQbn4yULFlp65BBv2+EXtWZE=","L+dolgHlCcBt5BpjwcMQbn4yULFlp65BBv2+EXtWZE=","Khartoum","Sudanese | truth fighter | activist | #BlueForSudan Some exclusives",,1058,1544,"2019-06-17","en","en","@ckaratnytsky @GeeMakki1 It's not the TMC, who refuses to negotiate. It's FDFC. But ""The only destabilizing force now is the TMC"". That's how it works","2019-07-01 16:50","Twitter Web Client","26048553","1.1457242160309658e+18",,"False",,,"absent","absent",0,0,0,0,"[]","[]","['26048553', '1137998613634674688']"
"1204423507007987713","LDjuNho5LvXsnIKVRghaCtUQZWPPW7yO3U6fJ55po=","LDjuNho5LvXsnIKVRghaCtUQZWPPW7yO3U6fJ55po=","LDjuNho5LvXsnIKVRghaCtUQZWPPW7yO3U6fJ55po=","Khartoum","Sarcastic reality of my country",,1760,2126,"2019-11-18","en","en","@ckaratnytsky Reporting is reporting. Not lies, not views imposing, just news.","2019-12-10 15:31","Twitter Web App","26048553","1.2044143188774093e+18",,"False",,,"absent","absent",0,1,0,0,"[]","[]","['26048553']"
"1148276774108835840","L+dolgHlCcBt5BpjwcMQbn4yULFlp65BBv2+EXtWZE=","L+dolgHlCcBt5BpjwcMQbn4yULFlp65BBv2+EXtWZE=","L+dolgHlCcBt5BpjwcMQbn4yULFlp65BBv2+EXtWZE=","Khartoum","Sudanese | truth fighter | activist | #BlueForSudan Some exclusives",,1058,1544,"2019-06-17","en","en","@Rian67971417 @MohanadElbalal You are absolutely right! Let's better kill each other, this is so much fun!","2019-07-08 17:04","Twitter Web Client","1088090081683013634","1.148273749529178e+18",,"False",,,"absent","absent",0,1,0,0,"[]","[]","['1088090081683013634', '1118676294076719105']"
"1204427102549938177","LDjuNho5LvXsnIKVRghaCtUQZWPPW7yO3U6fJ55po=","LDjuNho5LvXsnIKVRghaCtUQZWPPW7yO3U6fJ55po=","LDjuNho5LvXsnIKVRghaCtUQZWPPW7yO3U6fJ55po=","Khartoum","Sarcastic reality of my country",,1760,2126,"2019-11-18","en","en","@ckaratnytsky Fact-checking first, we shouldn't trust everything we see online.","2019-12-10 15:46","Twitter Web App","26048553","1.2044259639222313e+18",,"False",,,"absent","absent",0,1,0,0,"[]","[]","['26048553']"
"1154030665517547520","hlcL1xramSEg3QD+vcCfnGsM4JcXCnv0n56t5pEpr8=","hlcL1xramSEg3QD+vcCfnGsM4JcXCnv0n56t5pEpr8=","hlcL1xramSEg3QD+vcCfnGsM4JcXCnv0n56t5pEpr8=","R√©publique centrafricaine","Je fais mon blog || je viens de #RCA üá®üá´ || je suis fan de l'√âquipe nationale de ‚öΩÔ∏è || Le plus important c'est la paix üôèüèª",,1269,1156,"2019-07-03","fr","fr","@hrw_fr voila, ce que j'ai dit #RCA","2019-07-24 14:08","Twitter Web Client","43324388","1.1540247444271104e+18",,"False",,,"absent","absent",0,0,0,0,"['RCA']","[]","['43324388']"
"1164812304849833984","r69kGNjtBCQOQc8nW3IJvAk3X9bDkldxiFev+MZNH4=","r69kGNjtBCQOQc8nW3IJvAk3X9bDkldxiFev+MZNH4=","r69kGNjtBCQOQc8nW3IJvAk3X9bDkldxiFev+MZNH4=","Harare, Zimbabwe","I'm an aspiring blogger from Zimbabweüáøüáº. Uncovering the beauty and true potential of my homelandüôè",,3141,1670,"2019-06-19","en","en","@Velempini As I understand it, at least one of the causes was bad breed, so introducing new strong breeds is seen as part of the decision.","2019-08-23 08:11","Twitter Web App","23176045","1.1645512887738614e+18",,"False",,,"absent","absent",0,0,0,0,"[]","[]","['23176045']"
"1156479112854290432","r69kGNjtBCQOQc8nW3IJvAk3X9bDkldxiFev+MZNH4=","r69kGNjtBCQOQc8nW3IJvAk3X9bDkldxiFev+MZNH4=","r69kGNjtBCQOQc8nW3IJvAk3X9bDkldxiFev+MZNH4=","Harare, Zimbabwe","I'm an aspiring blogger from Zimbabweüáøüáº. Uncovering the beauty and true potential of my homelandüôè",,3141,1670,"2019-06-19","en","en","@abuhassan221 To have something to talk aboutü§∑‚Äç‚ôÇÔ∏è","2019-07-31 08:18","Twitter Web App","54175240","1.1561538024809144e+18",,"False",,,"absent","absent",0,0,0,0,"[]","[]","['54175240']"
"1204777753981210628","cwRjg3nOBDFVJA7i5r64223mY4CECaEbxBZsYhnhOjM=","cwRjg3nOBDFVJA7i5r64223mY4CECaEbxBZsYhnhOjM=","cwRjg3nOBDFVJA7i5r64223mY4CECaEbxBZsYhnhOjM=",,"A Pharmacist to be üíä  21, born in Nawa  üá∏üáæ",,3357,3308,"2019-11-06","en","ar","@khaled_momn1998 ÿ£ŸÅŸáŸÖŸÉÿå ŸÉÿßŸÜ ŸÖÿπŸä ŸÜŸÅÿ≥ ÿ¥Ÿäÿ° üò≠","2019-12-11 14:59","Twitter Web App","932031896678256640","1.204685626068607e+18",,"False",,,"absent","absent",0,0,0,0,"[]","[]","['932031896678256640']"
"1206947091932688385","cwRjg3nOBDFVJA7i5r64223mY4CECaEbxBZsYhnhOjM=","cwRjg3nOBDFVJA7i5r64223mY4CECaEbxBZsYhnhOjM=","cwRjg3nOBDFVJA7i5r64223mY4CECaEbxBZsYhnhOjM=",,"A Pharmacist to be üíä  21, born in Nawa  üá∏üáæ",,3357,3308,"2019-11-06","en","en","@m_firdausz @ayambako but... why? üò±","2019-12-17 14:39","Twitter Web App","128227170","1.206609060964909e+18",,"False",,,"absent","absent",0,0,0,0,"[]","[]","['128227170', '730001938427740160']"
"1167439437497798656","r69kGNjtBCQOQc8nW3IJvAk3X9bDkldxiFev+MZNH4=","r69kGNjtBCQOQc8nW3IJvAk3X9bDkldxiFev+MZNH4=","r69kGNjtBCQOQc8nW3IJvAk3X9bDkldxiFev+MZNH4=","Harare, Zimbabwe","I'm an aspiring blogger from Zimbabweüáøüáº. Uncovering the beauty and true potential of my homelandüôè",,3141,1670,"2019-06-19","en","en","@shammahmuguwe The last one is a donation as far as I got it. And I have no idea about the first one, I hope there'll be further information later.","2019-08-30 14:10","Twitter Web App","965566622088998915","1.167424315995951e+18",,"False",,,"absent","absent",0,0,1,0,"[]","[]","['965566622088998915']"
"1206578003725180933","cwRjg3nOBDFVJA7i5r64223mY4CECaEbxBZsYhnhOjM=","cwRjg3nOBDFVJA7i5r64223mY4CECaEbxBZsYhnhOjM=","cwRjg3nOBDFVJA7i5r64223mY4CECaEbxBZsYhnhOjM=",,"A Pharmacist to be üíä  21, born in Nawa  üá∏üáæ",,3357,3308,"2019-11-06","en","en","@Atvar99 @TheArabSource Agree. No need to dug new ones","2019-12-16 14:13","Twitter Web App","3327764511","1.206576984387666e+18",,"False",,,"absent","absent",0,0,0,0,"[]","[]","['3327764511', '2722419902']"
"1193811610395193345","cwRjg3nOBDFVJA7i5r64223mY4CECaEbxBZsYhnhOjM=","cwRjg3nOBDFVJA7i5r64223mY4CECaEbxBZsYhnhOjM=","cwRjg3nOBDFVJA7i5r64223mY4CECaEbxBZsYhnhOjM=",,"A Pharmacist to be üíä  21, born in Nawa  üá∏üáæ",,3357,3308,"2019-11-06","en","ar","@umvx2r5VeONSdEr ŸàŸÇÿßÿ≠ÿ© #ÿ™ÿ±ŸÉŸäÿß ŸÑÿß ÿ™ÿπÿ±ŸÅ ÿ≠ÿØŸàÿØŸáÿß ÿ•ŸÜŸáÿß ÿ™ÿØŸÖÿ± ÿ®ŸÑÿßÿØŸÜÿß Ÿà ÿßŸÑÿ£ŸÜ ÿ™ÿØŸÖÿ± ŸÑŸäÿ®Ÿäÿß#ÿßŸÜŸáŸÖ_ÿ¥Ÿäÿßÿ∑ŸäŸÜ_ÿßŸÑÿπÿµÿ±https://t.co/4s3PA6rPo4","2019-11-11 08:44","Twitter Web App","872341537836892161","1.1934774667881554e+18","1.193182788297646e+18","False",,,"absent","absent",0,0,0,0,"['ÿ™ÿ±ŸÉŸäÿß', 'ÿßŸÜŸáŸÖ_ÿ¥Ÿäÿßÿ∑ŸäŸÜ_ÿßŸÑÿπÿµÿ±']","['https://twitter.com/x_m6y/status/1193182788297646081']","['872341537836892161']"
"1148586508133306371","F05zyhmf5zjcBKHB1v3qH1MWcwhc0qj4YhEnEPEuU0=","F05zyhmf5zjcBKHB1v3qH1MWcwhc0qj4YhEnEPEuU0=","F05zyhmf5zjcBKHB1v3qH1MWcwhc0qj4YhEnEPEuU0=",,,,32,2086,"2012-09-20","en","tl","@WellenceMujuru @taku splits #maita chihwa huya pano hunhu hwako spreading like veldfire","2019-07-09 13:35","Twitter Web App","592422807","1.1485527259798938e+18",,"False",,,"absent","absent",0,0,1,0,"['maita']","[]","['592422807', '3845431']"
"1161200410838949888","L+dolgHlCcBt5BpjwcMQbn4yULFlp65BBv2+EXtWZE=","L+dolgHlCcBt5BpjwcMQbn4yULFlp65BBv2+EXtWZE=","L+dolgHlCcBt5BpjwcMQbn4yULFlp65BBv2+EXtWZE=","Khartoum","Sudanese | truth fighter | activist | #BlueForSudan Some exclusives",,1058,1544,"2019-06-17","en","en","@ObnoxBE @ReutersAfrica Indeed I'm grateful. But we are all at that point where we hope that there finally will be a cure.I might have put my thoughts into words incorrectly if you think I demand something.","2019-08-13 08:58","Twitter Web App","931974938508038144","1.161196681842631e+18",,"False",,,"absent","absent",0,0,1,0,"[]","[]","['931974938508038144', '25387183']"
"1156542966808358913","L+dolgHlCcBt5BpjwcMQbn4yULFlp65BBv2+EXtWZE=","L+dolgHlCcBt5BpjwcMQbn4yULFlp65BBv2+EXtWZE=","L+dolgHlCcBt5BpjwcMQbn4yULFlp65BBv2+EXtWZE=","Khartoum","Sudanese | truth fighter | activist | #BlueForSudan Some exclusives",,1058,1544,"2019-06-17","en","en","@Cre8Games It's funny and sad at the same time.üò¨","2019-07-31 12:31","Twitter Web App","271415629","1.1565345573252997e+18",,"False",,,"absent","absent",0,0,1,0,"[]","[]","['271415629']"
"1156499994565910528","L+dolgHlCcBt5BpjwcMQbn4yULFlp65BBv2+EXtWZE=","L+dolgHlCcBt5BpjwcMQbn4yULFlp65BBv2+EXtWZE=","L+dolgHlCcBt5BpjwcMQbn4yULFlp65BBv2+EXtWZE=","Khartoum","Sudanese | truth fighter | activist | #BlueForSudan Some exclusives",,1058,1544,"2019-06-17","en","en","@Cre8Games üòÇüòÇ , that's true, he looked quite surprised when he started firing that machine gun.","2019-07-31 09:41","Twitter Web App","271415629","1.1562615317069414e+18",,"False",,,"absent","absent",0,0,1,0,"[]","[]","['271415629']"
"1183764637659160576","r69kGNjtBCQOQc8nW3IJvAk3X9bDkldxiFev+MZNH4=","r69kGNjtBCQOQc8nW3IJvAk3X9bDkldxiFev+MZNH4=","r69kGNjtBCQOQc8nW3IJvAk3X9bDkldxiFev+MZNH4=","Harare, Zimbabwe","I'm an aspiring blogger from Zimbabweüáøüáº. Uncovering the beauty and true potential of my homelandüôè",,3141,1670,"2019-06-19","en","en","@thababozulu @MwanaWachihera @edmnangagwa @MthuliNcube It is creating jobs and environment for learning. I get your feeling, but I don't think we can start from scratch, this business requires investment, tech and skills.But I hope we can grow from here, have more of our own production.","2019-10-14 15:20","Twitter Web App","3965486052","1.18225831474842e+18",,"False",,,"absent","absent",0,1,0,0,"[]","[]","['3965486052', '897204450762383361', '447895686', '259214687']"
"1205400252859191298","brqjyY8nPHk6NkzCZLiOvb2e3GuzLnwvO0eWWLJBC68=","brqjyY8nPHk6NkzCZLiOvb2e3GuzLnwvO0eWWLJBC68=","brqjyY8nPHk6NkzCZLiOvb2e3GuzLnwvO0eWWLJBC68=",,"Your local Afrikan news junkie",,4763,4901,"2019-08-26","en","en","@legenderry241 yea, you are right","2019-12-13 08:13","Twitter Web App","448074105","1.2051908799102566e+18",,"False",,,"absent","absent",0,0,0,0,"[]","[]","['448074105']"
"1207938199001223168","brqjyY8nPHk6NkzCZLiOvb2e3GuzLnwvO0eWWLJBC68=","brqjyY8nPHk6NkzCZLiOvb2e3GuzLnwvO0eWWLJBC68=","brqjyY8nPHk6NkzCZLiOvb2e3GuzLnwvO0eWWLJBC68=",,"Your local Afrikan news junkie",,4763,4901,"2019-08-26","en","und","@RealMissYummyK1 @brqjyY8nPHk6NkzCZLiOvb2e3GuzLnwvO0eWWLJBC68=","2019-12-20 08:18","Twitter Web App","743507697614585856","1.2079116817975665e+18",,"False",,,"absent","absent",0,0,2,0,"[]","[]","['743507697614585856', 'brqjyY8nPHk6NkzCZLiOvb2e3GuzLnwvO0eWWLJBC68=']"
"1205385822113021953","brqjyY8nPHk6NkzCZLiOvb2e3GuzLnwvO0eWWLJBC68=","brqjyY8nPHk6NkzCZLiOvb2e3GuzLnwvO0eWWLJBC68=","brqjyY8nPHk6NkzCZLiOvb2e3GuzLnwvO0eWWLJBC68=",,"Your local Afrikan news junkie",,4763,4901,"2019-08-26","en","und","@iamhurpsy @brqjyY8nPHk6NkzCZLiOvb2e3GuzLnwvO0eWWLJBC68=","2019-12-13 07:15","Twitter Web App","1191737698949709825","1.2053696591822643e+18",,"False",,,"absent","absent",0,0,14,0,"[]","[]","['1191737698949709825', 'brqjyY8nPHk6NkzCZLiOvb2e3GuzLnwvO0eWWLJBC68=']"
"1202615904485425153","2n502dWt0IYpFTpgH9KfUxJBEETXDBUXSmaSjIt9Ds=","2n502dWt0IYpFTpgH9KfUxJBEETXDBUXSmaSjIt9Ds=","2n502dWt0IYpFTpgH9KfUxJBEETXDBUXSmaSjIt9Ds=","Mo√ßambique","I'm from Pemba. Peace and prosperity of Mozambique is my biggest dream! üôèüèΩPaz e harmonia: eis a verdadeira riqueza da Na√ß√£o.",,937,979,"2019-09-16","en","en","@Jasminechic00 HelloüôÇSurehttps://t.co/AUR08Xip39","2019-12-05 15:49","Twitter Web App","734943725869256704","1.202610756505809e+18",,"False",,,"absent","absent",0,0,1,0,"[]","['http://opais.sapo.mz/eni-recruta-19-jovens-mocambicanos-para-estagios-no-projecto-de-coral-sul']","['734943725869256704']"
"1200065245152239617","k67xbLRsLJyAVjTJOZI9QmmdPzOUCU1vWrg1ZFbRa8=","k67xbLRsLJyAVjTJOZI9QmmdPzOUCU1vWrg1ZFbRa8=","k67xbLRsLJyAVjTJOZI9QmmdPzOUCU1vWrg1ZFbRa8=",,"geek üñ•, memes addict, don't mind me.grammar is not my thing oopssyrian by blood, heart and mind üá∏üáæ",,1548,1646,"2019-11-08","en","en","@vhpsprincipal @VHPrimary Sounds like something my dad could say üòÇ","2019-11-28 14:53","Twitter Web App","787939238213976064","1.200046259584807e+18",,"False",,,"absent","absent",0,1,0,0,"[]","[]","['787939238213976064', '2406601556']"
"1209461158257790976","cwRjg3nOBDFVJA7i5r64223mY4CECaEbxBZsYhnhOjM=","cwRjg3nOBDFVJA7i5r64223mY4CECaEbxBZsYhnhOjM=","cwRjg3nOBDFVJA7i5r64223mY4CECaEbxBZsYhnhOjM=",,"A Pharmacist to be üíä  21, born in Nawa  üá∏üáæ",,3357,3308,"2019-11-06","en","en","@kadiridapo @rancho4lyfe The comment just nailed it.","2019-12-24 13:09","Twitter Web App","2442573267","1.2090337232551117e+18",,"False",,,"absent","absent",0,0,0,0,"[]","[]","['2442573267', '459364708']"
"1159101475970265088","r69kGNjtBCQOQc8nW3IJvAk3X9bDkldxiFev+MZNH4=","r69kGNjtBCQOQc8nW3IJvAk3X9bDkldxiFev+MZNH4=","r69kGNjtBCQOQc8nW3IJvAk3X9bDkldxiFev+MZNH4=","Harare, Zimbabwe","I'm an aspiring blogger from Zimbabweüáøüáº. Uncovering the beauty and true potential of my homelandüôè",,3141,1670,"2019-06-19","en","en","@mattazz77 I don't know for sure, but I think it might take a week or something.","2019-08-07 13:58","Twitter Web App","974172902","1.1590924342420644e+18",,"False",,,"absent","absent",0,0,0,0,"[]","[]","['974172902']"
"1167511049983205377","Ct4B012M22Y6RN1iDdtpoBJNMIhLhTGXvC821LpbBU=","Ct4B012M22Y6RN1iDdtpoBJNMIhLhTGXvC821LpbBU=","Ct4B012M22Y6RN1iDdtpoBJNMIhLhTGXvC821LpbBU=","Kingdom of Saudi Arabia","I used to love my old twitter account, then everyone from work found me. This is my new account üò´Stay private, keep them guessing.....!!",,435,4717,"2013-09-13","en","und","@Tolka_ya1 @ao_123aa @ie766 üòÇüòÇüòÇ","2019-08-30 18:55","Twitter for iPhone","1146272049897381895","1.1671706434959892e+18",,"False",,,"absent","absent",0,0,0,0,"[]","[]","['1146272049897381895', '1079433418935537664', '1592327701']"
"1204309169228136448","brqjyY8nPHk6NkzCZLiOvb2e3GuzLnwvO0eWWLJBC68=","brqjyY8nPHk6NkzCZLiOvb2e3GuzLnwvO0eWWLJBC68=","brqjyY8nPHk6NkzCZLiOvb2e3GuzLnwvO0eWWLJBC68=",,"Your local Afrikan news junkie",,4763,4901,"2019-08-26","en","en","@__missyummy @brqjyY8nPHk6NkzCZLiOvb2e3GuzLnwvO0eWWLJBC68= I follow backüòâ","2019-12-10 07:57","Twitter Web App","1200171512059355136","1.2040014895361106e+18",,"False",,,"absent","absent",0,0,1,0,"[]","[]","['1200171512059355136', 'brqjyY8nPHk6NkzCZLiOvb2e3GuzLnwvO0eWWLJBC68=']"
"1206970292620419074","k67xbLRsLJyAVjTJOZI9QmmdPzOUCU1vWrg1ZFbRa8=","k67xbLRsLJyAVjTJOZI9QmmdPzOUCU1vWrg1ZFbRa8=","k67xbLRsLJyAVjTJOZI9QmmdPzOUCU1vWrg1ZFbRa8=",,"geek üñ•, memes addict, don't mind me.grammar is not my thing oopssyrian by blood, heart and mind üá∏üáæ",,1548,1646,"2019-11-08","en","en","@raindropsboessa for sure! such a great performance!","2019-12-17 16:11","Twitter Web App","2250118023","1.2069683182021878e+18",,"False",,,"absent","absent",0,0,1,1,"[]","[]","['2250118023']"
"1151418865517305856","r69kGNjtBCQOQc8nW3IJvAk3X9bDkldxiFev+MZNH4=","r69kGNjtBCQOQc8nW3IJvAk3X9bDkldxiFev+MZNH4=","r69kGNjtBCQOQc8nW3IJvAk3X9bDkldxiFev+MZNH4=","Harare, Zimbabwe","I'm an aspiring blogger from Zimbabweüáøüáº. Uncovering the beauty and true potential of my homelandüôè",,3141,1670,"2019-06-19","en","en","@kimmy_chierley oh what a shame! you did nothing wrong!","2019-07-17 09:10","Twitter Web Client","1270457864","1.1514185323176182e+18",,"False",,,"absent","absent",0,0,1,0,"[]","[]","['1270457864']"
"1211673629622177793","BDSxIfMzwxjyRWEO69yhFaTBVS80QCb6SBPcdAoJI=","BDSxIfMzwxjyRWEO69yhFaTBVS80QCb6SBPcdAoJI=","BDSxIfMzwxjyRWEO69yhFaTBVS80QCb6SBPcdAoJI=",,"Peace for #Syria is my biggest dream üá∏üáæ‚ù§",,4433,2928,"2019-11-06","en","en","@CCross1776 Well, the origin of ISIS and its connection to the United States is a question to think about üòè","2019-12-30 15:41","Twitter Web App","1131492233482571776","1.2116618858142597e+18",,"False",,,"absent","absent",0,0,0,0,"[]","[]","['1131492233482571776']"
"1205439151983800322","2n502dWt0IYpFTpgH9KfUxJBEETXDBUXSmaSjIt9Ds=","2n502dWt0IYpFTpgH9KfUxJBEETXDBUXSmaSjIt9Ds=","2n502dWt0IYpFTpgH9KfUxJBEETXDBUXSmaSjIt9Ds=","Mo√ßambique","I'm from Pemba. Peace and prosperity of Mozambique is my biggest dream! üôèüèΩPaz e harmonia: eis a verdadeira riqueza da Na√ß√£o.",,937,979,"2019-09-16","en","en","@abbytza1 Make her laugh so hard she closes her eyesüòÖüòÖüòÖ","2019-12-13 10:47","Twitter Web App","771198961596018689","1.205343251965907e+18",,"False",,,"absent","absent",0,0,1,0,"[]","[]","['771198961596018689']"
"1210159330667978752","hlcL1xramSEg3QD+vcCfnGsM4JcXCnv0n56t5pEpr8=","hlcL1xramSEg3QD+vcCfnGsM4JcXCnv0n56t5pEpr8=","hlcL1xramSEg3QD+vcCfnGsM4JcXCnv0n56t5pEpr8=","R√©publique centrafricaine","Je fais mon blog || je viens de #RCA üá®üá´ || je suis fan de l'√âquipe nationale de ‚öΩÔ∏è || Le plus important c'est la paix üôèüèª",,1269,1156,"2019-07-03","fr","fr","Ce jeudi matin, des flammes se sont d√©clench√©es au march√©, se propageant √† plusieurs commerces. Les services de secours et de s√©curit√© ont √©t√© rapidement d√©p√™ch√©s sur les lieux.#RCA https://t.co/8COrRshetr","2019-12-26 11:24","Twitter Web App","hlcL1xramSEg3QD+vcCfnGsM4JcXCnv0n56t5pEpr8=","1.2101593223800218e+18",,"False",,,"absent","absent",0,0,0,0,"['RCA']","[]","[]"
"1193820508049018880","cwRjg3nOBDFVJA7i5r64223mY4CECaEbxBZsYhnhOjM=","cwRjg3nOBDFVJA7i5r64223mY4CECaEbxBZsYhnhOjM=","cwRjg3nOBDFVJA7i5r64223mY4CECaEbxBZsYhnhOjM=",,"A Pharmacist to be üíä  21, born in Nawa  üá∏üáæ",,3357,3308,"2019-11-06","en","en","@Eljarh Hi, have a look at this video: #Turkey has to stop its evil madness. I wonder how many more soldiers are out there in #Libya. https://t.co/4s3PA6rPo4","2019-11-11 09:19","Twitter Web App","97379585","1.1935946739919544e+18","1.193182788297646e+18","False",,,"absent","absent",0,0,0,0,"['Turkey', 'Libya']","['https://twitter.com/x_m6y/status/1193182788297646081']","['97379585']"
"1210517471859482625","hlcL1xramSEg3QD+vcCfnGsM4JcXCnv0n56t5pEpr8=","hlcL1xramSEg3QD+vcCfnGsM4JcXCnv0n56t5pEpr8=","hlcL1xramSEg3QD+vcCfnGsM4JcXCnv0n56t5pEpr8=","R√©publique centrafricaine","Je fais mon blog || je viens de #RCA üá®üá´ || je suis fan de l'√âquipe nationale de ‚öΩÔ∏è || Le plus important c'est la paix üôèüèª",,1269,1156,"2019-07-03","fr","fr","Personne ne s‚Äôest adress√© √† la police √† propos de l‚Äôattaque, de plus, il s‚Äôest av√©r√© que la photo de la victime √©tait en r√©alit√© la photo d‚Äôune victime de l‚Äôeffondrement d‚Äôune maison au Bangladesh en 2013. Preuve : https://t.co/N9a4geY63O","2019-12-27 11:07","Twitter Web App","hlcL1xramSEg3QD+vcCfnGsM4JcXCnv0n56t5pEpr8=","1.2105174691248742e+18",,"False",,,"absent","absent",0,1,0,1,"[]","['https://edition.cnn.com/2013/04/25/world/asia/bangladesh-building-collapse/']","[]"
"1189897935166808065","hlcL1xramSEg3QD+vcCfnGsM4JcXCnv0n56t5pEpr8=","hlcL1xramSEg3QD+vcCfnGsM4JcXCnv0n56t5pEpr8=","hlcL1xramSEg3QD+vcCfnGsM4JcXCnv0n56t5pEpr8=","R√©publique centrafricaine","Je fais mon blog || je viens de #RCA üá®üá´ || je suis fan de l'√âquipe nationale de ‚öΩÔ∏è || Le plus important c'est la paix üôèüèª",,1269,1156,"2019-07-03","fr","fr","Puisque nous connaissons le propri√©taire de ces pages en personne, nous pouvons d√©clarer avec certitude qu'il g√©rait ses pages en n'exprimant que son opinion personnelle, ses pr√©occupations quant √† l'avenir du pays et les pens√©es des personnes qui lui √©taient proches.","2019-10-31 13:32","Twitter Web App","hlcL1xramSEg3QD+vcCfnGsM4JcXCnv0n56t5pEpr8=","1.189897931610116e+18",,"False",,,"absent","absent",0,1,0,0,"[]","[]","[]"
"1209772153522065409","hlcL1xramSEg3QD+vcCfnGsM4JcXCnv0n56t5pEpr8=","hlcL1xramSEg3QD+vcCfnGsM4JcXCnv0n56t5pEpr8=","hlcL1xramSEg3QD+vcCfnGsM4JcXCnv0n56t5pEpr8=","R√©publique centrafricaine","Je fais mon blog || je viens de #RCA üá®üá´ || je suis fan de l'√âquipe nationale de ‚öΩÔ∏è || Le plus important c'est la paix üôèüèª",,1269,1156,"2019-07-03","fr","fr","Selon les donn√©es pr√©liminaires, les partisants de Jean-Serge #Bokassa ont mis le feu. Apr√®s l‚Äôincendie, le b√¢timent est dans un √©tat grave. Le toit et presque tous les murs se sont effondr√©s. #Centrafrique https://t.co/tSHC1TNRvl","2019-12-25 09:45","Twitter Web App","hlcL1xramSEg3QD+vcCfnGsM4JcXCnv0n56t5pEpr8=","1.2097721452802417e+18",,"False",,,"absent","absent",1,3,1,0,"['Bokassa', 'Centrafrique']","[]","[]"
"1205095250454351872","cwRjg3nOBDFVJA7i5r64223mY4CECaEbxBZsYhnhOjM=","cwRjg3nOBDFVJA7i5r64223mY4CECaEbxBZsYhnhOjM=","cwRjg3nOBDFVJA7i5r64223mY4CECaEbxBZsYhnhOjM=",,"A Pharmacist to be üíä  21, born in Nawa  üá∏üáæ",,3357,3308,"2019-11-06","en","en","@swilkinsonbc An example of #IsraeliCrimes","2019-12-12 12:01","Twitter Web App","4249826728","1.2048209915217674e+18",,"False",,,"absent","absent",0,0,0,0,"['IsraeliCrimes']","[]","['4249826728']"
"1208784490878906368","r69kGNjtBCQOQc8nW3IJvAk3X9bDkldxiFev+MZNH4=","r69kGNjtBCQOQc8nW3IJvAk3X9bDkldxiFev+MZNH4=","r69kGNjtBCQOQc8nW3IJvAk3X9bDkldxiFev+MZNH4=","Harare, Zimbabwe","I'm an aspiring blogger from Zimbabweüáøüáº. Uncovering the beauty and true potential of my homelandüôè",,3141,1670,"2019-06-19","en","en","@Gary161718 absolutely right!","2019-12-22 16:20","Twitter Web App","3745006937","1.2087821317926257e+18",,"False",,,"absent","absent",0,0,1,0,"[]","[]","['3745006937']"
"1201533744689143811","bNO7ey5HADuZDOHck3BjCy4ICubjYqkOmmTJZ+C2po4=","bNO7ey5HADuZDOHck3BjCy4ICubjYqkOmmTJZ+C2po4=","bNO7ey5HADuZDOHck3BjCy4ICubjYqkOmmTJZ+C2po4=","Kinshasa","Le plus grand bien d'un homme est sa patrie. Fier d'√™tre Congolais. üá®üá©",,222,397,"2019-11-18","en","fr","Les photos des vainqueurs de la soir√©e #MissMisterRDC2020 et une photo de l‚Äôinvit√©e sp√©ciale Vanessa Caixeiro#RDC #Concours #Beaut√© https://t.co/6oHp9H0hWr","2019-12-02 16:09","Twitter Web App","bNO7ey5HADuZDOHck3BjCy4ICubjYqkOmmTJZ+C2po4=","1.201532209729065e+18",,"False",,,"absent","absent",0,0,0,0,"['MissMisterRDC2020', 'RDC', 'Concours', 'Beaut√©']","[]","[]"
"1209816794338385920","cwRjg3nOBDFVJA7i5r64223mY4CECaEbxBZsYhnhOjM=","cwRjg3nOBDFVJA7i5r64223mY4CECaEbxBZsYhnhOjM=","cwRjg3nOBDFVJA7i5r64223mY4CECaEbxBZsYhnhOjM=",,"A Pharmacist to be üíä  21, born in Nawa  üá∏üáæ",,3357,3308,"2019-11-06","en","en","@realDonaldTrump @DottAngeloC Not to you üá∏üáæ","2019-12-25 12:42","Twitter Web App","25073877","1.2098126646015222e+18",,"False",,,"absent","absent",0,0,0,0,"[]","[]","['25073877', '983447250557898752']"
"1204011167301210112","bNO7ey5HADuZDOHck3BjCy4ICubjYqkOmmTJZ+C2po4=","bNO7ey5HADuZDOHck3BjCy4ICubjYqkOmmTJZ+C2po4=","bNO7ey5HADuZDOHck3BjCy4ICubjYqkOmmTJZ+C2po4=","Kinshasa","Le plus grand bien d'un homme est sa patrie. Fier d'√™tre Congolais. üá®üá©",,222,397,"2019-11-18","en","fr","Les sanctions contre Lambert Mende et Roger Kibelisa ont √©t√© lev√©es. Leurs candidatures ont √©t√© retir√©s de la liste des sanctions de l'#UE.","2019-12-09 12:13","Twitter Web App","bNO7ey5HADuZDOHck3BjCy4ICubjYqkOmmTJZ+C2po4=","1.2039703562241024e+18",,"False",,,"absent","absent",0,0,0,1,"['UE']","[]","[]"
"1201540985894920195","bNO7ey5HADuZDOHck3BjCy4ICubjYqkOmmTJZ+C2po4=","bNO7ey5HADuZDOHck3BjCy4ICubjYqkOmmTJZ+C2po4=","bNO7ey5HADuZDOHck3BjCy4ICubjYqkOmmTJZ+C2po4=","Kinshasa","Le plus grand bien d'un homme est sa patrie. Fier d'√™tre Congolais. üá®üá©",,222,397,"2019-11-18","en","fr","@Lacroix_UN @MONUSCO La mission onusienne est largement critiqu√©e en #RDC √† l‚Äôheure actuelle. Les #Congolais sont m√©content de son inaction. Aujourd'hui, un #manifestant a √©t√© tu√© par balle et cinq ont √©t√© bless√©s  √† #Beni lors d‚Äôune autre protestation contre la pr√©sence des #NationsUnies. https://t.co/pXaWbDfzq2","2019-12-02 16:37","Twitter Web App","bNO7ey5HADuZDOHck3BjCy4ICubjYqkOmmTJZ+C2po4=","1.2015385819967447e+18",,"False",,,"absent","absent",0,1,0,0,"['RDC', 'Congolais', 'manifestant', 'Beni', 'NationsUnies']","[]","['1347628122', '48359021']"
"1211659587100839942","cwRjg3nOBDFVJA7i5r64223mY4CECaEbxBZsYhnhOjM=","cwRjg3nOBDFVJA7i5r64223mY4CECaEbxBZsYhnhOjM=","cwRjg3nOBDFVJA7i5r64223mY4CECaEbxBZsYhnhOjM=",,"A Pharmacist to be üíä  21, born in Nawa  üá∏üáæ",,3357,3308,"2019-11-06","en","en","@realDonaldTrump @foxandfriends Anyone who says good things about you is not respected at all.","2019-12-30 14:45","Twitter Web App","25073877","1.2116552872471265e+18",,"False",,,"absent","absent",0,0,0,0,"[]","[]","['25073877', '15513604']"
"1157255170042019842","L+dolgHlCcBt5BpjwcMQbn4yULFlp65BBv2+EXtWZE=","L+dolgHlCcBt5BpjwcMQbn4yULFlp65BBv2+EXtWZE=","L+dolgHlCcBt5BpjwcMQbn4yULFlp65BBv2+EXtWZE=","Khartoum","Sudanese | truth fighter | activist | #BlueForSudan Some exclusives",,1058,1544,"2019-06-17","en","en","@pofsita Sure.","2019-08-02 11:41","Twitter Web App","832978129857687552","1.1572509421500416e+18",,"False",,,"absent","absent",0,0,0,0,"[]","[]","['832978129857687552']"
"1209419241750966272","cwRjg3nOBDFVJA7i5r64223mY4CECaEbxBZsYhnhOjM=","cwRjg3nOBDFVJA7i5r64223mY4CECaEbxBZsYhnhOjM=","cwRjg3nOBDFVJA7i5r64223mY4CECaEbxBZsYhnhOjM=",,"A Pharmacist to be üíä  21, born in Nawa  üá∏üáæ",,3357,3308,"2019-11-06","en","sv","@fras99 Honor.","2019-12-24 10:23","Twitter Web App","216385227","1.209127534765527e+18",,"False",,,"absent","absent",0,0,0,0,"[]","[]","['216385227']"
"1154313583049748480","L+dolgHlCcBt5BpjwcMQbn4yULFlp65BBv2+EXtWZE=","L+dolgHlCcBt5BpjwcMQbn4yULFlp65BBv2+EXtWZE=","L+dolgHlCcBt5BpjwcMQbn4yULFlp65BBv2+EXtWZE=","Khartoum","Sudanese | truth fighter | activist | #BlueForSudan Some exclusives",,1058,1544,"2019-06-17","en","en","@GhassanAliomer I hope so..  but I couldn't find any photos that prove he's in prison now, maybe they'll come up later ü§î","2019-07-25 08:52","Twitter Web App","236800525","1.1541003375292293e+18",,"False",,,"absent","absent",0,0,0,0,"[]","[]","['236800525']"
"1155800121315123200","L+dolgHlCcBt5BpjwcMQbn4yULFlp65BBv2+EXtWZE=","L+dolgHlCcBt5BpjwcMQbn4yULFlp65BBv2+EXtWZE=","L+dolgHlCcBt5BpjwcMQbn4yULFlp65BBv2+EXtWZE=","Khartoum","Sudanese | truth fighter | activist | #BlueForSudan Some exclusives",,1058,1544,"2019-06-17","en","en","@GhassanAliomer Amazing! Thanks !!üëç","2019-07-29 11:19","Twitter Web App","236800525","1.1557951546384466e+18",,"False",,,"absent","absent",0,0,1,0,"[]","[]","['236800525']"
"1159479010402938880","hlcL1xramSEg3QD+vcCfnGsM4JcXCnv0n56t5pEpr8=","hlcL1xramSEg3QD+vcCfnGsM4JcXCnv0n56t5pEpr8=","hlcL1xramSEg3QD+vcCfnGsM4JcXCnv0n56t5pEpr8=","R√©publique centrafricaine","Je fais mon blog || je viens de #RCA üá®üá´ || je suis fan de l'√âquipe nationale de ‚öΩÔ∏è || Le plus important c'est la paix üôèüèª",,1269,1156,"2019-07-03","fr","fr","@Ozaguin75 a appel√© la communaut√© internationale √† augmenter le financement en direction du @WFP_FR #PAM pour qu'il puisse faire face √† l'ins√©curit√© alimentaire grandissante en #Centrafrique Merci fr√©rot üôè https://t.co/UKyxitd1Nu","2019-08-08 14:58","Twitter Web App","833112012792147971",,,"False",,,"absent","absent",0,0,0,0,"['PAM', 'Centrafrique']","[]","['833112012792147971', '299562197']"
"1204698388886896641","LDjuNho5LvXsnIKVRghaCtUQZWPPW7yO3U6fJ55po=","LDjuNho5LvXsnIKVRghaCtUQZWPPW7yO3U6fJ55po=","LDjuNho5LvXsnIKVRghaCtUQZWPPW7yO3U6fJ55po=","Khartoum","Sarcastic reality of my country",,1760,2126,"2019-11-18","en","en","@ckaratnytsky And we have been living this Revolution in real life. And we are living the outcomes of the revolution, both good and bad.As an American you should've heard of freedom of expression and opinion. Aggressively forcing your second-hand experience on others is not an option.","2019-12-11 09:44","Twitter Web App","26048553","1.2045207694238925e+18",,"False",,,"absent","absent",0,0,0,0,"[]","[]","['26048553']"
"1154384725768847360","hlcL1xramSEg3QD+vcCfnGsM4JcXCnv0n56t5pEpr8=","hlcL1xramSEg3QD+vcCfnGsM4JcXCnv0n56t5pEpr8=","hlcL1xramSEg3QD+vcCfnGsM4JcXCnv0n56t5pEpr8=","R√©publique centrafricaine","Je fais mon blog || je viens de #RCA üá®üá´ || je suis fan de l'√âquipe nationale de ‚öΩÔ∏è || Le plus important c'est la paix üôèüèª",,1269,1156,"2019-07-03","fr","fr","@BalekouzouEm oui c'est important que le gouvernement r√©agisse","2019-07-25 13:35","Twitter Web App","4700043882","1.1543826286168883e+18",,"False",,,"absent","absent",0,0,0,0,"[]","[]","['4700043882']"
"1166637695055122432","r69kGNjtBCQOQc8nW3IJvAk3X9bDkldxiFev+MZNH4=","r69kGNjtBCQOQc8nW3IJvAk3X9bDkldxiFev+MZNH4=","r69kGNjtBCQOQc8nW3IJvAk3X9bDkldxiFev+MZNH4=","Harare, Zimbabwe","I'm an aspiring blogger from Zimbabweüáøüáº. Uncovering the beauty and true potential of my homelandüôè",,3141,1670,"2019-06-19","en","en","@sthovechf Thank you! I'll do my best!","2019-08-28 09:04","Twitter Web App","2607272234","1.166602539388887e+18",,"False",,,"absent","absent",0,0,0,0,"[]","[]","['2607272234']"
"1204725910445928449","brqjyY8nPHk6NkzCZLiOvb2e3GuzLnwvO0eWWLJBC68=","brqjyY8nPHk6NkzCZLiOvb2e3GuzLnwvO0eWWLJBC68=","brqjyY8nPHk6NkzCZLiOvb2e3GuzLnwvO0eWWLJBC68=",,"Your local Afrikan news junkie",,4763,4901,"2019-08-26","en","und","@yes__aandrea @brqjyY8nPHk6NkzCZLiOvb2e3GuzLnwvO0eWWLJBC68=","2019-12-11 11:33","Twitter Web App","1202694921305673732","1.2047244725209047e+18",,"False",,,"absent","absent",0,0,34,0,"[]","[]","['1202694921305673732', 'brqjyY8nPHk6NkzCZLiOvb2e3GuzLnwvO0eWWLJBC68=']"
"1202547594343452673","OOk2kUVK1bmHKHqYS+TT4TjH2N3bbj63aAYPPMTiQ=","OOk2kUVK1bmHKHqYS+TT4TjH2N3bbj63aAYPPMTiQ=","OOk2kUVK1bmHKHqYS+TT4TjH2N3bbj63aAYPPMTiQ=","Paris ","Si tu n'as rien √† dire, tais-toi. C'est facile. Il est plus compliqu√© de se taire quand il y a beaucoup de id√©es.",,163,423,"2019-11-19","fr","en","@AwutDengAcuil Keeping up the good work üôèüëè","2019-12-05 11:17","Twitter Web App","1184879709630468098","1.202546263310377e+18",,"False",,,"absent","absent",0,0,0,0,"[]","[]","['1184879709630468098']"
"1210582803240411138","hlcL1xramSEg3QD+vcCfnGsM4JcXCnv0n56t5pEpr8=","hlcL1xramSEg3QD+vcCfnGsM4JcXCnv0n56t5pEpr8=","hlcL1xramSEg3QD+vcCfnGsM4JcXCnv0n56t5pEpr8=","R√©publique centrafricaine","Je fais mon blog || je viens de #RCA üá®üá´ || je suis fan de l'√âquipe nationale de ‚öΩÔ∏è || Le plus important c'est la paix üôèüèª",,1269,1156,"2019-07-03","fr","fr","@LessouaLudovic https://t.co/HmpV8ADgyDla source","2019-12-27 15:26","Twitter Web App","1137457093869527046","1.2103965725357056e+18",,"False",,,"absent","absent",0,1,0,0,"[]","['https://theworldnews.net/td-news/centrafrique-des-affrontements-a-bangui-le-president-appelle-au-calme']","['1137457093869527046']"
"1204009293428776960","brqjyY8nPHk6NkzCZLiOvb2e3GuzLnwvO0eWWLJBC68=","brqjyY8nPHk6NkzCZLiOvb2e3GuzLnwvO0eWWLJBC68=","brqjyY8nPHk6NkzCZLiOvb2e3GuzLnwvO0eWWLJBC68=",,"Your local Afrikan news junkie",,4763,4901,"2019-08-26","en","und","@yes_aandrea @brqjyY8nPHk6NkzCZLiOvb2e3GuzLnwvO0eWWLJBC68=","2019-12-09 12:05","Twitter Web App","1202694921305673732","1.2039979287733002e+18",,"False",,,"absent","absent",0,0,16,0,"[]","[]","['1202694921305673732', 'brqjyY8nPHk6NkzCZLiOvb2e3GuzLnwvO0eWWLJBC68=']"
"1204370661428400129","brqjyY8nPHk6NkzCZLiOvb2e3GuzLnwvO0eWWLJBC68=","brqjyY8nPHk6NkzCZLiOvb2e3GuzLnwvO0eWWLJBC68=","brqjyY8nPHk6NkzCZLiOvb2e3GuzLnwvO0eWWLJBC68=",,"Your local Afrikan news junkie",,4763,4901,"2019-08-26","en","und","@yes_aandrea @brqjyY8nPHk6NkzCZLiOvb2e3GuzLnwvO0eWWLJBC68= üëãüëã","2019-12-10 12:01","Twitter Web App","1202694921305673732","1.2043683043888783e+18",,"False",,,"absent","absent",0,0,78,0,"[]","[]","['1202694921305673732', 'brqjyY8nPHk6NkzCZLiOvb2e3GuzLnwvO0eWWLJBC68=']"
"1210924956193902595","hlcL1xramSEg3QD+vcCfnGsM4JcXCnv0n56t5pEpr8=","hlcL1xramSEg3QD+vcCfnGsM4JcXCnv0n56t5pEpr8=","hlcL1xramSEg3QD+vcCfnGsM4JcXCnv0n56t5pEpr8=","R√©publique centrafricaine","Je fais mon blog || je viens de #RCA üá®üá´ || je suis fan de l'√âquipe nationale de ‚öΩÔ∏è || Le plus important c'est la paix üôèüèª",,1269,1156,"2019-07-03","fr","fr","@LessouaLudovic oui pour moi aussi ( dommage quoi.. c'etait l'info de ce lien","2019-12-28 14:06","Twitter Web App","1137457093869527046","1.210593011291349e+18",,"False",,,"absent","absent",0,0,0,0,"[]","[]","['1137457093869527046']"
"1159105115766349826","L+dolgHlCcBt5BpjwcMQbn4yULFlp65BBv2+EXtWZE=","L+dolgHlCcBt5BpjwcMQbn4yULFlp65BBv2+EXtWZE=","L+dolgHlCcBt5BpjwcMQbn4yULFlp65BBv2+EXtWZE=","Khartoum","Sudanese | truth fighter | activist | #BlueForSudan Some exclusives",,1058,1544,"2019-06-17","en","en","@ShadowRau It doesn't affect because I'm in Sudan but I know what illegal weapons can do to society. That's why I'm concerned about South Africans right now üò≠","2019-08-07 14:12","Twitter Web App","161364773","1.1591030415194112e+18",,"False",,,"absent","absent",0,0,6,1,"[]","[]","['161364773']"
"1193809614908862464","cwRjg3nOBDFVJA7i5r64223mY4CECaEbxBZsYhnhOjM=","cwRjg3nOBDFVJA7i5r64223mY4CECaEbxBZsYhnhOjM=","cwRjg3nOBDFVJA7i5r64223mY4CECaEbxBZsYhnhOjM=",,"A Pharmacist to be üíä  21, born in Nawa  üá∏üáæ",,3357,3308,"2019-11-06","en","ar","@shgluf Ÿáÿ∞ÿß ÿßŸÑÿ≠ÿ≥ÿßÿ® Ÿäÿ´ÿ®ÿ™ Ÿàÿ¨ŸàÿØ ŸÖÿØÿ±ÿ® ÿπÿ≥ŸÉÿ±Ÿä ÿ™ÿ±ŸÉŸä ŸÅŸä ÿ¨ŸÜŸàÿ® ÿ∑ÿ±ÿßÿ®ŸÑÿ≥.Ÿàÿ¨ÿØ ÿ¥ÿÆÿµ ŸÖÿß Ÿáÿßÿ™ŸÅŸá.ÿ™ÿ±ŸÉŸäÿß ÿ™ÿØŸÖÿ± ÿ®ŸÑÿØŸä Ÿàÿ™ÿ≥ÿ™ŸáÿØŸÅ ÿßŸÑÿ¢ŸÜ ÿ®ŸÑÿØŸÉŸÖ.#ÿßŸÜŸáŸÖ_ÿ¥Ÿäÿßÿ∑ŸäŸÜ_ÿßŸÑÿπÿµÿ±https://t.co/4s3PA6rPo4","2019-11-11 08:36","Twitter Web App","828693359631953920","1.1938048951760036e+18","1.193182788297646e+18","False",,,"absent","absent",0,0,0,0,"['ÿßŸÜŸáŸÖ_ÿ¥Ÿäÿßÿ∑ŸäŸÜ_ÿßŸÑÿπÿµÿ±']","['https://twitter.com/x_m6y/status/1193182788297646081']","['828693359631953920']"
"1205050555246227458","brqjyY8nPHk6NkzCZLiOvb2e3GuzLnwvO0eWWLJBC68=","brqjyY8nPHk6NkzCZLiOvb2e3GuzLnwvO0eWWLJBC68=","brqjyY8nPHk6NkzCZLiOvb2e3GuzLnwvO0eWWLJBC68=",,"Your local Afrikan news junkie",,4763,4901,"2019-08-26","en","und","@dreadnstyn @brqjyY8nPHk6NkzCZLiOvb2e3GuzLnwvO0eWWLJBC68=","2019-12-12 09:03","Twitter Web App","115403297","1.2050496737209797e+18",,"False",,,"absent","absent",0,0,29,0,"[]","[]","['115403297', 'brqjyY8nPHk6NkzCZLiOvb2e3GuzLnwvO0eWWLJBC68=']"
"1206552928816967680","cwRjg3nOBDFVJA7i5r64223mY4CECaEbxBZsYhnhOjM=","cwRjg3nOBDFVJA7i5r64223mY4CECaEbxBZsYhnhOjM=","cwRjg3nOBDFVJA7i5r64223mY4CECaEbxBZsYhnhOjM=",,"A Pharmacist to be üíä  21, born in Nawa  üá∏üáæ",,3357,3308,"2019-11-06","en","en","@Reuters Iraq also has something to say to the U.S., I guess","2019-12-16 12:33","Twitter Web App","1652541","1.2065517289146204e+18",,"False",,,"absent","absent",0,0,0,0,"[]","[]","['1652541']"
"1169888905094561792","r69kGNjtBCQOQc8nW3IJvAk3X9bDkldxiFev+MZNH4=","r69kGNjtBCQOQc8nW3IJvAk3X9bDkldxiFev+MZNH4=","r69kGNjtBCQOQc8nW3IJvAk3X9bDkldxiFev+MZNH4=","Harare, Zimbabwe","I'm an aspiring blogger from Zimbabweüáøüáº. Uncovering the beauty and true potential of my homelandüôè",,3141,1670,"2019-06-19","en","en","@jairroh They effect of the changes won't be seen right away, it'll work gradually.","2019-09-06 08:23","Twitter Web App","169079677","1.1698381065156895e+18",,"False",,,"absent","absent",0,0,0,0,"[]","[]","['169079677']"
"1206972762570547201","k67xbLRsLJyAVjTJOZI9QmmdPzOUCU1vWrg1ZFbRa8=","k67xbLRsLJyAVjTJOZI9QmmdPzOUCU1vWrg1ZFbRa8=","k67xbLRsLJyAVjTJOZI9QmmdPzOUCU1vWrg1ZFbRa8=",,"geek üñ•, memes addict, don't mind me.grammar is not my thing oopssyrian by blood, heart and mind üá∏üáæ",,1548,1646,"2019-11-08","en","en","@almalkimo2004 today he was the beast ‚öΩÔ∏èüá±üáæ","2019-12-17 16:21","Twitter Web App","51354311","1.206971800497926e+18",,"False",,,"absent","absent",0,1,0,0,"[]","[]","['51354311']"
"1204693827233177607","brqjyY8nPHk6NkzCZLiOvb2e3GuzLnwvO0eWWLJBC68=","brqjyY8nPHk6NkzCZLiOvb2e3GuzLnwvO0eWWLJBC68=","brqjyY8nPHk6NkzCZLiOvb2e3GuzLnwvO0eWWLJBC68=",,"Your local Afrikan news junkie",,4763,4901,"2019-08-26","en","und","@iam_elmars @Beemkpe @brqjyY8nPHk6NkzCZLiOvb2e3GuzLnwvO0eWWLJBC68=","2019-12-11 09:26","Twitter Web App","985304116351176705","1.20468961252395e+18",,"False",,,"absent","absent",0,0,6,0,"[]","[]","['985304116351176705', '1180099829520834560', 'brqjyY8nPHk6NkzCZLiOvb2e3GuzLnwvO0eWWLJBC68=']"
"1165943374936989696","r69kGNjtBCQOQc8nW3IJvAk3X9bDkldxiFev+MZNH4=","r69kGNjtBCQOQc8nW3IJvAk3X9bDkldxiFev+MZNH4=","r69kGNjtBCQOQc8nW3IJvAk3X9bDkldxiFev+MZNH4=","Harare, Zimbabwe","I'm an aspiring blogger from Zimbabweüáøüáº. Uncovering the beauty and true potential of my homelandüôè",,3141,1670,"2019-06-19","en","en","@Hendinge Not sure if I got your question right.Are you hinting on the fact that plutonium isn't used in power plants now?","2019-08-26 11:05","Twitter Web App","224266800","1.1651238301107405e+18",,"False",,,"absent","absent",0,1,0,0,"[]","[]","['224266800']"
"1204392158519795721","brqjyY8nPHk6NkzCZLiOvb2e3GuzLnwvO0eWWLJBC68=","brqjyY8nPHk6NkzCZLiOvb2e3GuzLnwvO0eWWLJBC68=","brqjyY8nPHk6NkzCZLiOvb2e3GuzLnwvO0eWWLJBC68=",,"Your local Afrikan news junkie",,4763,4901,"2019-08-26","en","en","@pjmillcarter3 @Damocles_Fr I think she won with her natural glowing beauty and nice personality... And her stunning smile of course üòâ","2019-12-10 13:27","Twitter Web App","912951334403440640","1.204388125147046e+18",,"False",,,"absent","absent",0,1,6,0,"[]","[]","['912951334403440640', '816070651597488129']"
"1159763445094539264","L+dolgHlCcBt5BpjwcMQbn4yULFlp65BBv2+EXtWZE=","L+dolgHlCcBt5BpjwcMQbn4yULFlp65BBv2+EXtWZE=","L+dolgHlCcBt5BpjwcMQbn4yULFlp65BBv2+EXtWZE=","Khartoum","Sudanese | truth fighter | activist | #BlueForSudan Some exclusives",,1058,1544,"2019-06-17","en","en","@EricCheungwc How do foreigners react to this?","2019-08-09 09:48","Twitter Web App","1678851919","1.159757635341525e+18",,"False",,,"absent","absent",0,0,0,0,"[]","[]","['1678851919']"
"1206593578375536640","Uc1iIo5iOu1wFZlGe0GlzSIi7hyi8wPV8TCKNEQmus=","Uc1iIo5iOu1wFZlGe0GlzSIi7hyi8wPV8TCKNEQmus=","Uc1iIo5iOu1wFZlGe0GlzSIi7hyi8wPV8TCKNEQmus=","Paris","Si vous me demandez il est o√π ma maison, je vous r√©ponds Pangui (Paris+Bangui) üá®üá´ üá´üá∑ Master Politique transnationale / Paris 8",,836,1035,"2019-11-18","fr","fr","Le motifs le non paiement des redevances relatives √† l'utilisation de la fr√©quence 100.9 FM pour l'ann√©e 2019 et le refus de d√©f√©rer aux multiples convocations du HCC, l'institution en charge de la r√©gulation des m√©dias en #RCA.","2019-12-16 15:15","Twitter Web App","Uc1iIo5iOu1wFZlGe0GlzSIi7hyi8wPV8TCKNEQmus=","1.2065935754269368e+18",,"False",,,"absent","absent",0,1,0,0,"['RCA']","[]","[]"
"1154386748509761536","r69kGNjtBCQOQc8nW3IJvAk3X9bDkldxiFev+MZNH4=","r69kGNjtBCQOQc8nW3IJvAk3X9bDkldxiFev+MZNH4=","r69kGNjtBCQOQc8nW3IJvAk3X9bDkldxiFev+MZNH4=","Harare, Zimbabwe","I'm an aspiring blogger from Zimbabweüáøüáº. Uncovering the beauty and true potential of my homelandüôè",,3141,1670,"2019-06-19","en","en","@hesedgal Economic sanctions nothing specific yet, just threats.","2019-07-25 13:43","Twitter Web App","930904135779717120","1.1543832089072026e+18",,"False",,,"absent","absent",0,0,0,0,"[]","[]","['930904135779717120']"
"1208731263525380096","Uc1iIo5iOu1wFZlGe0GlzSIi7hyi8wPV8TCKNEQmus=","Uc1iIo5iOu1wFZlGe0GlzSIi7hyi8wPV8TCKNEQmus=","Uc1iIo5iOu1wFZlGe0GlzSIi7hyi8wPV8TCKNEQmus=","Paris","Si vous me demandez il est o√π ma maison, je vous r√©ponds Pangui (Paris+Bangui) üá®üá´ üá´üá∑ Master Politique transnationale / Paris 8",,836,1035,"2019-11-18","fr","fr","La plupart des pseudo-militants repr√©sentent des gens qui sont venus √† zieuter. Bienvenue √† Zombieland !#RCA https://t.co/6eo4Vdwdxx","2019-12-22 12:49","Twitter Web App","Uc1iIo5iOu1wFZlGe0GlzSIi7hyi8wPV8TCKNEQmus=","1.208731252133634e+18",,"False",,,"absent","absent",0,0,0,0,"['RCA']","[]","[]"
"1166685725087191040","Ct4B012M22Y6RN1iDdtpoBJNMIhLhTGXvC821LpbBU=","Ct4B012M22Y6RN1iDdtpoBJNMIhLhTGXvC821LpbBU=","Ct4B012M22Y6RN1iDdtpoBJNMIhLhTGXvC821LpbBU=","Kingdom of Saudi Arabia","I used to love my old twitter account, then everyone from work found me. This is my new account üò´Stay private, keep them guessing.....!!",,435,4717,"2013-09-13","en","ar","@mohmed_ammar ŸàŸäŸÜ ÿØÿ±ÿ≥ÿ™ÿü","2019-08-28 12:15","Twitter for iPhone","1849757587","1.1642126023288136e+18",,"False",,,"absent","absent",0,0,0,0,"[]","[]","['1849757587']"
"1162668978499665921","L+dolgHlCcBt5BpjwcMQbn4yULFlp65BBv2+EXtWZE=","L+dolgHlCcBt5BpjwcMQbn4yULFlp65BBv2+EXtWZE=","L+dolgHlCcBt5BpjwcMQbn4yULFlp65BBv2+EXtWZE=","Khartoum","Sudanese | truth fighter | activist | #BlueForSudan Some exclusives",,1058,1544,"2019-06-17","en","en","@FCOIrfan It's a triumphant day for Sudanese üá∏üá©And thank you, personally, I believe that this is a big step in a greater future for Sudan","2019-08-17 10:14","Twitter Web App","1917824005","1.1626559617792532e+18",,"False",,,"absent","absent",0,0,1,0,"[]","[]","['1917824005']"
"1204696085169614848","brqjyY8nPHk6NkzCZLiOvb2e3GuzLnwvO0eWWLJBC68=","brqjyY8nPHk6NkzCZLiOvb2e3GuzLnwvO0eWWLJBC68=","brqjyY8nPHk6NkzCZLiOvb2e3GuzLnwvO0eWWLJBC68=",,"Your local Afrikan news junkie",,4763,4901,"2019-08-26","en","und","@danielmarvern @Rue00790302 @brqjyY8nPHk6NkzCZLiOvb2e3GuzLnwvO0eWWLJBC68= üëã","2019-12-11 09:35","Twitter Web App","893046363759550464","1.2046925575754752e+18",,"False",,,"absent","absent",0,0,59,0,"[]","[]","['893046363759550464', '1197502353005580288', 'brqjyY8nPHk6NkzCZLiOvb2e3GuzLnwvO0eWWLJBC68=']"
"1147178100536553473","L+dolgHlCcBt5BpjwcMQbn4yULFlp65BBv2+EXtWZE=","L+dolgHlCcBt5BpjwcMQbn4yULFlp65BBv2+EXtWZE=","L+dolgHlCcBt5BpjwcMQbn4yULFlp65BBv2+EXtWZE=","Khartoum","Sudanese | truth fighter | activist | #BlueForSudan Some exclusives",,1058,1544,"2019-06-17","en","en","@murta446 Yes, by mass shooting. And it's not funny at all","2019-07-05 16:19","Twitter Web Client","2933731348","1.1471777195258676e+18",,"False",,,"absent","absent",0,1,0,0,"[]","[]","['2933731348']"
"1200063360362041351","r69kGNjtBCQOQc8nW3IJvAk3X9bDkldxiFev+MZNH4=","r69kGNjtBCQOQc8nW3IJvAk3X9bDkldxiFev+MZNH4=","r69kGNjtBCQOQc8nW3IJvAk3X9bDkldxiFev+MZNH4=","Harare, Zimbabwe","I'm an aspiring blogger from Zimbabweüáøüáº. Uncovering the beauty and true potential of my homelandüôè",,3141,1670,"2019-06-19","en","en","@KumbaResources Not so much. I don't have access to this sort of information üôÑ","2019-11-28 14:46","Twitter Web App","974762198340915200","1.2000623511243735e+18",,"False",,,"absent","absent",0,0,0,0,"[]","[]","['974762198340915200']"
"1147810824490143744","L+dolgHlCcBt5BpjwcMQbn4yULFlp65BBv2+EXtWZE=","L+dolgHlCcBt5BpjwcMQbn4yULFlp65BBv2+EXtWZE=","L+dolgHlCcBt5BpjwcMQbn4yULFlp65BBv2+EXtWZE=","Khartoum","Sudanese | truth fighter | activist | #BlueForSudan Some exclusives",,1058,1544,"2019-06-17","en","en","@murta446 Whatever you sayüòâ","2019-07-07 10:13","Twitter Web Client","2933731348","1.1478061062755532e+18",,"False",,,"absent","absent",0,1,0,0,"[]","[]","['2933731348']"
"1147804622532370432","L+dolgHlCcBt5BpjwcMQbn4yULFlp65BBv2+EXtWZE=","L+dolgHlCcBt5BpjwcMQbn4yULFlp65BBv2+EXtWZE=","L+dolgHlCcBt5BpjwcMQbn4yULFlp65BBv2+EXtWZE=","Khartoum","Sudanese | truth fighter | activist | #BlueForSudan Some exclusives",,1058,1544,"2019-06-17","en","en","@murta446 Yeah, but I think there are enough people in the country who would be willing to vote for him.ü§î","2019-07-07 09:48","Twitter Web Client","2933731348","1.1477973336245166e+18",,"False",,,"absent","absent",0,1,0,0,"[]","[]","['2933731348']"
"1209866089846497280","r69kGNjtBCQOQc8nW3IJvAk3X9bDkldxiFev+MZNH4=","r69kGNjtBCQOQc8nW3IJvAk3X9bDkldxiFev+MZNH4=","r69kGNjtBCQOQc8nW3IJvAk3X9bDkldxiFev+MZNH4=","Harare, Zimbabwe","I'm an aspiring blogger from Zimbabweüáøüáº. Uncovering the beauty and true potential of my homelandüôè",,3141,1670,"2019-06-19","en","et","@donemore_m Merry Christmas!!!","2019-12-25 15:58","Twitter Web App","1119298820809142274","1.2098191242742252e+18",,"False",,,"absent","absent",0,0,0,0,"[]","[]","['1119298820809142274']"
"1208784929947082752","r69kGNjtBCQOQc8nW3IJvAk3X9bDkldxiFev+MZNH4=","r69kGNjtBCQOQc8nW3IJvAk3X9bDkldxiFev+MZNH4=","r69kGNjtBCQOQc8nW3IJvAk3X9bDkldxiFev+MZNH4=","Harare, Zimbabwe","I'm an aspiring blogger from Zimbabweüáøüáº. Uncovering the beauty and true potential of my homelandüôè",,3141,1670,"2019-06-19","en","en","@donemore_m wow, interesting topic! should de usefull for me üòâ","2019-12-22 16:22","Twitter Web App","1119298820809142274","1.2087826803069133e+18",,"False",,,"absent","absent",0,1,0,0,"[]","[]","['1119298820809142274']"
"1153611685405573120","hlcL1xramSEg3QD+vcCfnGsM4JcXCnv0n56t5pEpr8=","hlcL1xramSEg3QD+vcCfnGsM4JcXCnv0n56t5pEpr8=","hlcL1xramSEg3QD+vcCfnGsM4JcXCnv0n56t5pEpr8=","R√©publique centrafricaine","Je fais mon blog || je viens de #RCA üá®üá´ || je suis fan de l'√âquipe nationale de ‚öΩÔ∏è || Le plus important c'est la paix üôèüèª",,1269,1156,"2019-07-03","fr","fr","@Hashilla1 belle","2019-07-23 10:23","Twitter Web Client","1058021368011341824","1.0872744102335488e+18",,"False",,,"absent","absent",0,0,0,0,"[]","[]","['1058021368011341824']"
"1208040655735443456","brqjyY8nPHk6NkzCZLiOvb2e3GuzLnwvO0eWWLJBC68=","brqjyY8nPHk6NkzCZLiOvb2e3GuzLnwvO0eWWLJBC68=","brqjyY8nPHk6NkzCZLiOvb2e3GuzLnwvO0eWWLJBC68=",,"Your local Afrikan news junkie",,4763,4901,"2019-08-26","en","und","@Damilii11 @vostephens @brqjyY8nPHk6NkzCZLiOvb2e3GuzLnwvO0eWWLJBC68=","2019-12-20 15:05","Twitter Web App","1202529411939078144","1.207981414899241e+18",,"False",,,"absent","absent",0,0,1,0,"[]","[]","['1202529411939078144', '131800388', 'brqjyY8nPHk6NkzCZLiOvb2e3GuzLnwvO0eWWLJBC68=']"
"1145900585008422912","Ct4B012M22Y6RN1iDdtpoBJNMIhLhTGXvC821LpbBU=","Ct4B012M22Y6RN1iDdtpoBJNMIhLhTGXvC821LpbBU=","Ct4B012M22Y6RN1iDdtpoBJNMIhLhTGXvC821LpbBU=","Kingdom of Saudi Arabia","I used to love my old twitter account, then everyone from work found me. This is my new account üò´Stay private, keep them guessing.....!!",,435,4717,"2013-09-13","en","ar","@AL3rjam ÿ≠ŸÉŸäŸÖŸá Ÿàÿµÿ®Ÿàÿ±Ÿá ŸàŸÑŸáÿß ŸÉŸÑ ÿßŸÑÿßÿ≠ÿ™ÿ±ÿßŸÖ ŸàÿßŸÑÿ≠ÿ® ŸàÿßŸÑÿ™ŸÇÿØŸäÿ±","2019-07-02 03:42","Twitter for iPhone","1273457550","1.145783226532864e+18",,"False",,,"absent","absent",0,0,0,0,"[]","[]","['1273457550']"
"1161657323410153472","L+dolgHlCcBt5BpjwcMQbn4yULFlp65BBv2+EXtWZE=","L+dolgHlCcBt5BpjwcMQbn4yULFlp65BBv2+EXtWZE=","L+dolgHlCcBt5BpjwcMQbn4yULFlp65BBv2+EXtWZE=","Khartoum","Sudanese | truth fighter | activist | #BlueForSudan Some exclusives",,1058,1544,"2019-06-17","en","en","@Smith_JeffreyT @YousraElbagir @HEBobiwine It really upsets me that I'm not even surprised.","2019-08-14 15:14","Twitter Web App","620253665","1.16164941338479e+18",,"False",,,"absent","absent",0,0,2,1,"[]","[]","['620253665', '31188656', '1573440108']"
"1204780671803236352","BDSxIfMzwxjyRWEO69yhFaTBVS80QCb6SBPcdAoJI=","BDSxIfMzwxjyRWEO69yhFaTBVS80QCb6SBPcdAoJI=","BDSxIfMzwxjyRWEO69yhFaTBVS80QCb6SBPcdAoJI=",,"Peace for #Syria is my biggest dream üá∏üáæ‚ù§",,4433,2928,"2019-11-06","en","en","@MohamadFakhri14 @SyrianOfficial @thesyrianblog Beautiful photos! üëè","2019-12-11 15:11","Twitter Web App","709887460268974085","1.2044286336008602e+18",,"False",,,"absent","absent",0,0,0,0,"[]","[]","['709887460268974085', '4863819857', '3016356848']"
"1190314184015273984","r69kGNjtBCQOQc8nW3IJvAk3X9bDkldxiFev+MZNH4=","r69kGNjtBCQOQc8nW3IJvAk3X9bDkldxiFev+MZNH4=","r69kGNjtBCQOQc8nW3IJvAk3X9bDkldxiFev+MZNH4=","Harare, Zimbabwe","I'm an aspiring blogger from Zimbabweüáøüáº. Uncovering the beauty and true potential of my homelandüôè",,3141,1670,"2019-06-19","en","en","@tatendeka @ChikandaJnr @ZimMediaReview @nelsonchamisa It happens worldwide, major media outlets push the ideas they are paid for.","2019-11-01 17:06","TweetDeck","4207691189","1.1902699654773064e+18",,"False",,,"absent","absent",0,1,0,0,"[]","[]","['4207691189', '4887732045', '3000984971', '192100065']"
"1145740228981862401","Ct4B012M22Y6RN1iDdtpoBJNMIhLhTGXvC821LpbBU=","Ct4B012M22Y6RN1iDdtpoBJNMIhLhTGXvC821LpbBU=","Ct4B012M22Y6RN1iDdtpoBJNMIhLhTGXvC821LpbBU=","Kingdom of Saudi Arabia","I used to love my old twitter account, then everyone from work found me. This is my new account üò´Stay private, keep them guessing.....!!",,435,4717,"2013-09-13","en","ar","@rita_alsaqaf üòÇüòÇüòÇüòÇüòÇüòÇüòÇ ÿßŸÑŸÇÿ±ÿØ","2019-07-01 17:05","Twitter for iPhone","903713675231600640","1.1454573823377818e+18",,"False",,,"absent","absent",0,0,0,0,"[]","[]","['903713675231600640']"
"1207607676458455040","2n502dWt0IYpFTpgH9KfUxJBEETXDBUXSmaSjIt9Ds=","2n502dWt0IYpFTpgH9KfUxJBEETXDBUXSmaSjIt9Ds=","2n502dWt0IYpFTpgH9KfUxJBEETXDBUXSmaSjIt9Ds=","Mo√ßambique","I'm from Pemba. Peace and prosperity of Mozambique is my biggest dream! üôèüèΩPaz e harmonia: eis a verdadeira riqueza da Na√ß√£o.",,937,979,"2019-09-16","en","en","@Jasminechic00 I think people just don't know about Mozambique enough, so the picture can be manipulated. I do what I think can help my country and my people, and I'm glad that at least someone hears our voicesüôè","2019-12-19 10:24","Twitter Web App","734943725869256704","1.2076056128734863e+18",,"False",,,"absent","absent",0,0,0,0,"[]","[]","['734943725869256704']"
"1200065853435322368","1ZTJpBb+glGyJNc7jBnjcv+QFkk6HVGSGTZUaR3xHE=","1ZTJpBb+glGyJNc7jBnjcv+QFkk6HVGSGTZUaR3xHE=","1ZTJpBb+glGyJNc7jBnjcv+QFkk6HVGSGTZUaR3xHE=","Khartoum","Sudaneseüá∏üá©|journalist‚úçÔ∏è|fatherüë®‚Äçüëß‚Äçüë¶During tough times, telling the truth is important!",,510,759,"2019-11-13","en","en","@SimplyTome Oh that incredible #GeorgeClooney üòÄ2003: Filmed in Spy Kids 3 üòé2019: Set up his own satellite company to trace the war criminal Omar Al-Bashir üõ∞Ô∏è https://t.co/6dc87pkkJt","2019-11-28 14:56","Twitter Web App","2169017557","1.1994471666427863e+18",,"False",,,"absent","absent",0,0,1,0,"['GeorgeClooney']","[]","['2169017557']"
"1202496993387569153","2n502dWt0IYpFTpgH9KfUxJBEETXDBUXSmaSjIt9Ds=","2n502dWt0IYpFTpgH9KfUxJBEETXDBUXSmaSjIt9Ds=","2n502dWt0IYpFTpgH9KfUxJBEETXDBUXSmaSjIt9Ds=","Mo√ßambique","I'm from Pemba. Peace and prosperity of Mozambique is my biggest dream! üôèüèΩPaz e harmonia: eis a verdadeira riqueza da Na√ß√£o.",,937,979,"2019-09-16","en","en","@Jasminechic00 @vryeweekblad The major problem is that the land is rich in natural resources which can help to get money to restore the region, but I'm afraid that it is the very reason why violence occurs in Cabo Delgado.","2019-12-05 07:56","Twitter Web App","734943725869256704","1.2024865347143393e+18",,"False",,,"absent","absent",0,0,1,0,"[]","[]","['734943725869256704', '1098632855893217281']"
"1210164563636867073","2n502dWt0IYpFTpgH9KfUxJBEETXDBUXSmaSjIt9Ds=","2n502dWt0IYpFTpgH9KfUxJBEETXDBUXSmaSjIt9Ds=","2n502dWt0IYpFTpgH9KfUxJBEETXDBUXSmaSjIt9Ds=","Mo√ßambique","I'm from Pemba. Peace and prosperity of Mozambique is my biggest dream! üôèüèΩPaz e harmonia: eis a verdadeira riqueza da Na√ß√£o.",,937,979,"2019-09-16","en","en","@TheWezi We need to fix our countries a bit and then we'll be able to be strong players, and maybe partnership will become the reality.","2019-12-26 11:44","Twitter Web App","730120873","1.2101633165989478e+18",,"False",,,"absent","absent",0,0,1,0,"[]","[]","['730120873']"
"1149327689242882049","r69kGNjtBCQOQc8nW3IJvAk3X9bDkldxiFev+MZNH4=","r69kGNjtBCQOQc8nW3IJvAk3X9bDkldxiFev+MZNH4=","r69kGNjtBCQOQc8nW3IJvAk3X9bDkldxiFev+MZNH4=","Harare, Zimbabwe","I'm an aspiring blogger from Zimbabweüáøüáº. Uncovering the beauty and true potential of my homelandüôè",,3141,1670,"2019-06-19","en","en","@azcatfan2 Depends on what pet you're walking!","2019-07-11 14:40","Twitter Web Client","846744399136538624","1.1493218248968684e+18",,"False",,,"absent","absent",0,0,0,0,"[]","[]","['846744399136538624']"
"1148874727206936577","r69kGNjtBCQOQc8nW3IJvAk3X9bDkldxiFev+MZNH4=","r69kGNjtBCQOQc8nW3IJvAk3X9bDkldxiFev+MZNH4=","r69kGNjtBCQOQc8nW3IJvAk3X9bDkldxiFev+MZNH4=","Harare, Zimbabwe","I'm an aspiring blogger from Zimbabweüáøüáº. Uncovering the beauty and true potential of my homelandüôè",,3141,1670,"2019-06-19","en","und","@Zuriell6 üîù","2019-07-10 08:40","Twitter Web Client","1122337674914881536","1.148818596149248e+18",,"False",,,"absent","absent",0,0,1,0,"[]","[]","['1122337674914881536']"
"1204308623708569600","brqjyY8nPHk6NkzCZLiOvb2e3GuzLnwvO0eWWLJBC68=","brqjyY8nPHk6NkzCZLiOvb2e3GuzLnwvO0eWWLJBC68=","brqjyY8nPHk6NkzCZLiOvb2e3GuzLnwvO0eWWLJBC68=",,"Your local Afrikan news junkie",,4763,4901,"2019-08-26","en","en","@Lexiboque @yes_aandrea @brqjyY8nPHk6NkzCZLiOvb2e3GuzLnwvO0eWWLJBC68= Hi everyone welcome to my page! I follow back!","2019-12-10 07:55","Twitter Web App","387043207","1.2042992601640264e+18",,"False",,,"absent","absent",0,0,14,0,"[]","[]","['387043207', '1202694921305673732', 'brqjyY8nPHk6NkzCZLiOvb2e3GuzLnwvO0eWWLJBC68=']"
"1210161576562581505","2n502dWt0IYpFTpgH9KfUxJBEETXDBUXSmaSjIt9Ds=","2n502dWt0IYpFTpgH9KfUxJBEETXDBUXSmaSjIt9Ds=","2n502dWt0IYpFTpgH9KfUxJBEETXDBUXSmaSjIt9Ds=","Mo√ßambique","I'm from Pemba. Peace and prosperity of Mozambique is my biggest dream! üôèüèΩPaz e harmonia: eis a verdadeira riqueza da Na√ß√£o.",,937,979,"2019-09-16","en","en","@TheWezi That's so true! Also I'd prefer all of them leaving us be, stop interfering into our lives, so that we can move on forward as new hopeful countries.","2019-12-26 11:32","Twitter Web App","730120873","1.2101263210719355e+18",,"False",,,"absent","absent",0,1,0,0,"[]","[]","['730120873']"
"1169183161961590784","EsS3JcQXKnBmuXL1ZCV16F0PC5o59AvX+8sUl1INcQ8=","EsS3JcQXKnBmuXL1ZCV16F0PC5o59AvX+8sUl1INcQ8=","EsS3JcQXKnBmuXL1ZCV16F0PC5o59AvX+8sUl1INcQ8=","Central African Republic","Radio centrafricaine LENGO SONGO","https://t.co/NtRdbhnPWf",977,329,"2019-05-25","fr","fr","@karlblague1 Certainement, mais il faut du temps et des moyens pour l'accomplir...","2019-09-04 09:39","Twitter Web App","4526468721","1.1689255258318152e+18",,"False",,,"absent","absent",0,0,1,0,"[]","[]","['4526468721']"
"1166009127446953985","hlcL1xramSEg3QD+vcCfnGsM4JcXCnv0n56t5pEpr8=","hlcL1xramSEg3QD+vcCfnGsM4JcXCnv0n56t5pEpr8=","hlcL1xramSEg3QD+vcCfnGsM4JcXCnv0n56t5pEpr8=","R√©publique centrafricaine","Je fais mon blog || je viens de #RCA üá®üá´ || je suis fan de l'√âquipe nationale de ‚öΩÔ∏è || Le plus important c'est la paix üôèüèª",,1269,1156,"2019-07-03","fr","fr","@karlblague1 @EsS3JcQXKnBmuXL1ZCV16F0PC5o59AvX+8sUl1INcQ8= Les Centrafricains veulent s√ªrement la paix","2019-08-26 15:26","Twitter Web App","4526468721","1.1660050850145157e+18",,"False",,,"absent","absent",0,0,0,0,"[]","[]","['4526468721', 'EsS3JcQXKnBmuXL1ZCV16F0PC5o59AvX+8sUl1INcQ8=']"
"1157256044227244032","r69kGNjtBCQOQc8nW3IJvAk3X9bDkldxiFev+MZNH4=","r69kGNjtBCQOQc8nW3IJvAk3X9bDkldxiFev+MZNH4=","r69kGNjtBCQOQc8nW3IJvAk3X9bDkldxiFev+MZNH4=","Harare, Zimbabwe","I'm an aspiring blogger from Zimbabweüáøüáº. Uncovering the beauty and true potential of my homelandüôè",,3141,1670,"2019-06-19","en","en","@begottensun Do you plan to use any innovative farming methods? https://t.co/XAIiZtgsq7","2019-08-02 11:45","Twitter Web App","17474621","1.1572020179888947e+18",,"False",,,"absent","absent",0,0,3,1,"[]","[]","['17474621']"
"1202214783266775042","k67xbLRsLJyAVjTJOZI9QmmdPzOUCU1vWrg1ZFbRa8=","k67xbLRsLJyAVjTJOZI9QmmdPzOUCU1vWrg1ZFbRa8=","k67xbLRsLJyAVjTJOZI9QmmdPzOUCU1vWrg1ZFbRa8=",,"geek üñ•, memes addict, don't mind me.grammar is not my thing oopssyrian by blood, heart and mind üá∏üáæ",,1548,1646,"2019-11-08","en","en","@Kimo_Jr7 @TheMDsizzles HB to you @TheMDsizzles best wishes :) enjoy this day, hope you will live a long life","2019-12-04 13:15","Twitter Web App","954436018760974337","1.202158660669051e+18",,"False",,,"absent","absent",0,0,1,0,"[]","[]","['954436018760974337', '128626597', '128626597']"
"1210160950596308992","2n502dWt0IYpFTpgH9KfUxJBEETXDBUXSmaSjIt9Ds=","2n502dWt0IYpFTpgH9KfUxJBEETXDBUXSmaSjIt9Ds=","2n502dWt0IYpFTpgH9KfUxJBEETXDBUXSmaSjIt9Ds=","Mo√ßambique","I'm from Pemba. Peace and prosperity of Mozambique is my biggest dream! üôèüèΩPaz e harmonia: eis a verdadeira riqueza da Na√ß√£o.",,937,979,"2019-09-16","en","en","@TheWezi Hope should bring us all togetherüôè‚ô•Ô∏è","2019-12-26 11:30","Twitter Web App","730120873","1.2101276377100698e+18",,"False",,,"absent","absent",0,0,0,0,"[]","[]","['730120873']"
"1147484804025372672","L+dolgHlCcBt5BpjwcMQbn4yULFlp65BBv2+EXtWZE=","L+dolgHlCcBt5BpjwcMQbn4yULFlp65BBv2+EXtWZE=","L+dolgHlCcBt5BpjwcMQbn4yULFlp65BBv2+EXtWZE=","Khartoum","Sudanese | truth fighter | activist | #BlueForSudan Some exclusives",,1058,1544,"2019-06-17","en","en","@BBCAfrica It should be understood that homosexuals did not choose to be or not to be homosexuals, nature decided that for them. We can not put people in jail for that.","2019-07-06 12:37","Twitter Web Client","36670025","1.14747772031991e+18",,"False",,,"absent","absent",0,1,1,0,"[]","[]","['36670025']"
"1204037320669908993","cwRjg3nOBDFVJA7i5r64223mY4CECaEbxBZsYhnhOjM=","cwRjg3nOBDFVJA7i5r64223mY4CECaEbxBZsYhnhOjM=","cwRjg3nOBDFVJA7i5r64223mY4CECaEbxBZsYhnhOjM=",,"A Pharmacist to be üíä  21, born in Nawa  üá∏üáæ",,3357,3308,"2019-11-06","en","en","@theAleppoCatman He is so precious üòç","2019-12-09 13:57","Twitter Web App","784738327425589248","1.203720359243141e+18",,"False",,,"absent","absent",0,0,0,0,"[]","[]","['784738327425589248']"